DATE;Heure;ana1 * 445.254
21-10-2016;22:03:11;0.000
21-10-2016;23:04:26;13.358
22-10-2016;00:00:07;22.263
22-10-2016;01:01:10;0.000
22-10-2016;02:02:23;0.000
22-10-2016;03:03:36;0.000
22-10-2016;04:04:47;0.000
22-10-2016;05:00:24;0.000
22-10-2016;05:56:00;0.000
22-10-2016;06:01:34;0.000
22-10-2016;07:02:38;0.000
22-10-2016;08:03:47;0.000
22-10-2016;09:04:56;22.263
22-10-2016;10:00:32;133.576
22-10-2016;11:01:45;503.137
22-10-2016;12:02:54;574.378
22-10-2016;13:04:11;841.530
22-10-2016;14:05:33;854.888
22-10-2016;15:01:21;797.005
22-10-2016;16:08:20;672.334
22-10-2016;17:04:08;561.020
22-10-2016;18:05:30;22.263
22-10-2016;19:01:16;0.000
22-10-2016;20:08:09;0.000
22-10-2016;21:03:53;0.000
22-10-2016;22:05:11;0.000
22-10-2016;23:06:30;0.000
23-10-2016;00:02:02;0.000
23-10-2016;01:08:54;13.358
23-10-2016;02:04:38;0.000
23-10-2016;03:00:22;0.000
23-10-2016;04:07:17;4.453
23-10-2016;05:03:02;0.000
23-10-2016;06:04:17;0.000
23-10-2016;07:05:38;13.358
23-10-2016;07:22:22;0.000
23-10-2016;08:01:23;0.000
23-10-2016;09:02:44;0.000
23-10-2016;10:04:05;124.671
23-10-2016;11:05:27;480.874
23-10-2016;12:01:11;685.691
23-10-2016;12:51:26;850.435
23-10-2016;13:02:35;752.479
23-10-2016;14:04:03;262.700
23-10-2016;15:11:06;645.618
23-10-2016;16:01:25;596.640
23-10-2016;17:02:57;280.510
23-10-2016;18:04:27;80.146
23-10-2016;19:00:20;0.000
23-10-2016;20:01:48;13.358
23-10-2016;21:03:14;13.358
23-10-2016;22:04:39;0.000
23-10-2016;23:00:29;0.000
24-10-2016;00:01:43;0.000
24-10-2016;01:03:07;0.000
24-10-2016;02:04:32;0.000
24-10-2016;03:00:21;8.905
24-10-2016;04:01:46;0.000
24-10-2016;05:08:44;0.000
24-10-2016;06:15:40;0.000
24-10-2016;06:32:25;0.000
24-10-2016;07:00:18;0.000
24-10-2016;08:01:38;0.000
24-10-2016;09:08:34;22.263
24-10-2016;10:04:21;249.342
24-10-2016;11:00:10;124.671
24-10-2016;12:01:24;325.035
24-10-2016;12:34:54;823.720
24-10-2016;13:02:50;262.700
24-10-2016;14:04:17;120.219
24-10-2016;15:00:09;106.861
24-10-2016;16:01:36;111.314
24-10-2016;17:03:02;4.453
24-10-2016;18:04:26;4.453
24-10-2016;19:00:14;0.000
24-10-2016;20:01:35;0.000
24-10-2016;21:02:55;0.000
24-10-2016;22:04:16;4.453
24-10-2016;23:00:02;17.810
25-10-2016;00:01:12;13.358
25-10-2016;01:02:32;4.453
25-10-2016;02:03:53;0.000
25-10-2016;03:05:14;0.000
25-10-2016;04:01:00;0.000
25-10-2016;05:02:21;0.000
25-10-2016;06:03:41;0.000
25-10-2016;07:10:35;0.000
25-10-2016;08:00:45;0.000
25-10-2016;09:02:04;22.263
25-10-2016;10:03:24;48.978
25-10-2016;11:04:43;258.247
25-10-2016;12:00:18;191.459
25-10-2016;13:01:40;191.459
25-10-2016;14:03:04;187.007
25-10-2016;14:25:25;627.808
25-10-2016;15:04:29;369.561
25-10-2016;16:00:21;253.795
25-10-2016;17:01:49;200.364
25-10-2016;18:03:15;146.934
25-10-2016;19:04:41;4.453
25-10-2016;20:00:30;0.000
25-10-2016;21:01:54;0.000
25-10-2016;22:03:17;0.000
25-10-2016;23:04:41;0.000
26-10-2016;00:00:18;13.358
26-10-2016;01:01:39;0.000
26-10-2016;02:03:02;8.905
26-10-2016;03:04:25;0.000
26-10-2016;04:00:10;0.000
26-10-2016;05:01:32;0.000
26-10-2016;05:40:34;0.000
26-10-2016;06:02:53;0.000
26-10-2016;07:04:14;0.000
26-10-2016;08:05:34;0.000
26-10-2016;09:06:54;13.358
26-10-2016;10:02:40;48.978
26-10-2016;11:09:32;71.241
26-10-2016;12:05:17;133.576
26-10-2016;13:01:05;182.554
26-10-2016;14:02:28;182.554
26-10-2016;15:03:53;142.481
26-10-2016;16:05:17;93.503
26-10-2016;16:49:58;547.662
26-10-2016;17:01:07;543.210
26-10-2016;18:02:34;244.890
26-10-2016;19:03:58;0.000
26-10-2016;20:05:22;0.000
26-10-2016;21:01:10;0.000
26-10-2016;22:02:31;0.000
26-10-2016;23:03:51;0.000
27-10-2016;00:04:59;0.000
27-10-2016;01:00:42;0.000
27-10-2016;02:02:00;0.000
27-10-2016;03:03:17;0.000
27-10-2016;04:04:34;0.000
27-10-2016;05:00:16;0.000
27-10-2016;06:01:33;0.000
27-10-2016;06:46:06;0.000
27-10-2016;07:02:48;0.000
27-10-2016;08:04:04;0.000
27-10-2016;09:05:19;26.715
27-10-2016;10:00:58;53.430
27-10-2016;11:02:13;138.029
27-10-2016;12:03:29;182.554
27-10-2016;13:04:46;129.124
27-10-2016;14:00:14;218.174
27-10-2016;14:44:48;979.559
27-10-2016;15:01:31;440.801
27-10-2016;16:02:50;779.195
27-10-2016;17:04:08;507.590
27-10-2016;18:05:29;267.152
27-10-2016;19:01:13;22.263
27-10-2016;20:02:30;0.000
27-10-2016;21:03:46;0.000
27-10-2016;22:05:01;0.000
27-10-2016;23:06:15;0.000
28-10-2016;00:01:48;8.905
28-10-2016;01:03:03;0.000
28-10-2016;02:04:18;13.358
28-10-2016;03:05:32;0.000
28-10-2016;04:01:10;0.000
28-10-2016;05:02:23;0.000
28-10-2016;05:24:39;0.000
28-10-2016;06:03:30;0.000
28-10-2016;07:04:42;0.000
28-10-2016;08:00:20;4.453
28-10-2016;09:07:05;48.978
28-10-2016;10:02:43;102.408
28-10-2016;11:03:55;218.174
28-10-2016;12:10:36;213.722
28-10-2016;13:00:41;249.342
28-10-2016;14:01:56;213.722
28-10-2016;15:03:11;307.225
28-10-2016;16:04:27;173.649
28-10-2016;16:37:53;654.523
28-10-2016;17:00:10;529.852
28-10-2016;18:01:27;262.700
28-10-2016;19:02:44;0.000
28-10-2016;20:03:59;13.358
28-10-2016;21:10:40;44.525
28-10-2016;22:00:47;4.453
28-10-2016;23:02:02;0.000
29-10-2016;00:03:14;0.000
29-10-2016;01:04:28;26.715
29-10-2016;02:00:08;0.000
29-10-2016;03:01:22;0.000
29-10-2016;04:02:36;4.453
29-10-2016;05:03:49;0.000
29-10-2016;05:31:39;0.000
29-10-2016;06:04:57;0.000
29-10-2016;07:00:35;0.000
29-10-2016;08:01:45;26.715
29-10-2016;09:14:03;44.525
29-10-2016;10:04:02;302.773
29-10-2016;11:05:14;574.378
29-10-2016;12:00:53;707.954
29-10-2016;13:02:11;837.078
29-10-2016;14:09:08;863.793
29-10-2016;14:25:52;863.793
29-10-2016;15:04:57;819.267
29-10-2016;16:00:46;694.596
29-10-2016;17:02:11;538.757
29-10-2016;18:03:36;298.320
29-10-2016;19:05:00;0.000
29-10-2016;20:00:38;0.000
29-10-2016;21:01:56;0.000
29-10-2016;22:03:15;22.263
29-10-2016;23:04:36;13.358
30-10-2016;00:00:20;0.000
30-10-2016;01:01:37;0.000
30-10-2016;02:02:58;0.000
30-10-2016;03:00:01;0.000
30-10-2016;04:01:16;0.000
30-10-2016;05:02:24;0.000
30-10-2016;06:03:38;0.000
30-10-2016;07:10:23;0.000
30-10-2016;08:00:28;84.598
30-10-2016;09:07:15;329.488
30-10-2016;10:02:55;534.305
30-10-2016;11:09:51;721.311
30-10-2016;12:05:35;810.362
30-10-2016;13:01:23;841.530
30-10-2016;14:08:26;788.100
30-10-2016;15:04:19;667.881
30-10-2016;16:00:13;507.590
30-10-2016;17:01:41;249.342
30-10-2016;18:03:06;13.358
30-10-2016;19:04:27;0.000
30-10-2016;20:00:14;0.000
30-10-2016;21:01:33;0.000
30-10-2016;22:02:52;0.000
30-10-2016;23:04:12;13.358
31-10-2016;00:10:55;0.000
31-10-2016;01:01:04;0.000
31-10-2016;02:02:22;0.000
31-10-2016;03:03:38;0.000
31-10-2016;04:04:54;0.000
31-10-2016;05:00:36;0.000
31-10-2016;06:01:51;8.905
31-10-2016;06:29:42;0.000
31-10-2016;07:03:07;0.000
31-10-2016;08:04:22;75.693
31-10-2016;09:05:38;311.678
31-10-2016;10:01:22;471.969
31-10-2016;11:02:42;707.954
31-10-2016;12:03:54;810.362
31-10-2016;12:54:10;845.983
31-10-2016;13:05:19;832.625
31-10-2016;14:01:10;792.552
31-10-2016;15:02:37;690.144
31-10-2016;16:04:05;503.137
31-10-2016;17:05:32;227.080
31-10-2016;18:01:21;22.263
31-10-2016;19:02:38;22.263
31-10-2016;20:03:58;0.000
31-10-2016;21:05:18;13.358
31-10-2016;22:01:02;0.000
31-10-2016;23:02:20;0.000
01-11-2016;00:03:33;0.000
01-11-2016;01:04:51;13.358
01-11-2016;02:00:33;0.000
01-11-2016;03:01:52;0.000
01-11-2016;04:08:42;4.453
01-11-2016;05:04:24;0.000
01-11-2016;06:00:05;0.000
01-11-2016;06:33:30;0.000
01-11-2016;07:01:20;0.000
01-11-2016;08:08:10;31.168
01-11-2016;09:03:51;213.722
01-11-2016;10:05:10;187.007
01-11-2016;11:00:56;658.976
01-11-2016;12:02:08;779.195
01-11-2016;13:03:33;814.815
01-11-2016;14:05:01;752.479
01-11-2016;15:00:56;645.618
01-11-2016;16:02:25;405.181
01-11-2016;17:03:55;200.364
01-11-2016;18:05:22;13.358
01-11-2016;19:01:10;0.000
01-11-2016;20:02:33;13.358
01-11-2016;21:03:53;0.000
01-11-2016;22:05:15;0.000
01-11-2016;23:01:01;8.905
02-11-2016;00:02:09;0.000
02-11-2016;01:03:27;0.000
02-11-2016;02:04:45;0.000
02-11-2016;03:00:28;0.000
02-11-2016;04:01:44;0.000
02-11-2016;05:02:57;0.000
02-11-2016;05:53:03;0.000
02-11-2016;06:04:12;8.905
02-11-2016;07:05:26;0.000
02-11-2016;08:01:05;22.263
02-11-2016;09:02:20;97.956
02-11-2016;10:09:12;454.159
02-11-2016;11:04:57;365.108
02-11-2016;12:06:12;716.859
02-11-2016;12:45:17;890.508
02-11-2016;13:02:02;801.457
02-11-2016;14:03:28;730.217
02-11-2016;15:04:54;596.640
02-11-2016;16:00:47;422.991
02-11-2016;17:02:11;169.197
02-11-2016;18:03:34;22.263
02-11-2016;19:04:55;0.000
02-11-2016;20:00:39;0.000
02-11-2016;21:01:57;0.000
02-11-2016;22:03:15;0.000
02-11-2016;23:04:30;0.000
03-11-2016;00:00:12;8.905
03-11-2016;01:01:15;0.000
03-11-2016;02:13:40;17.810
03-11-2016;03:03:47;0.000
03-11-2016;04:05:02;0.000
03-11-2016;05:00:43;13.358
03-11-2016;06:01:58;0.000
03-11-2016;06:29:47;0.000
03-11-2016;07:03:12;26.715
03-11-2016;08:04:27;4.453
03-11-2016;09:00:07;40.073
03-11-2016;10:01:22;57.883
03-11-2016;11:02:36;102.408
03-11-2016;12:09:14;89.051
03-11-2016;13:04:54;133.576
03-11-2016;14:00:35;120.219
03-11-2016;14:34:00;146.934
03-11-2016;15:01:52;97.956
03-11-2016;16:03:08;111.314
03-11-2016;17:04:24;8.905
03-11-2016;18:00:06;0.000
03-11-2016;19:01:20;0.000
03-11-2016;20:02:35;22.263
03-11-2016;21:03:48;17.810
03-11-2016;22:05:02;0.000
03-11-2016;23:00:42;8.905
04-11-2016;00:01:43;13.358
04-11-2016;01:08:29;0.000
04-11-2016;02:04:08;0.000
04-11-2016;03:05:21;13.358
04-11-2016;04:00:58;0.000
04-11-2016;05:02:12;0.000
04-11-2016;06:03:25;0.000
04-11-2016;07:04:36;0.000
04-11-2016;08:00:16;26.715
04-11-2016;09:01:30;138.029
04-11-2016;10:02:47;218.174
04-11-2016;10:58:30;467.517
04-11-2016;11:04:04;422.991
04-11-2016;12:05:20;169.197
04-11-2016;13:01:06;302.773
04-11-2016;14:02:29;44.525
04-11-2016;15:03:51;26.715
04-11-2016;16:05:10;44.525
04-11-2016;17:00:54;8.905
04-11-2016;18:02:13;0.000
04-11-2016;19:03:32;0.000
04-11-2016;20:04:49;0.000
04-11-2016;21:00:33;0.000
04-11-2016;22:01:51;0.000
04-11-2016;22:24:09;0.000
04-11-2016;23:03:10;4.453
05-11-2016;00:04:17;0.000
05-11-2016;01:00:00;0.000
05-11-2016;02:01:18;0.000
05-11-2016;03:02:36;0.000
05-11-2016;04:03:54;0.000
05-11-2016;05:05:13;0.000
05-11-2016;06:00:58;0.000
05-11-2016;06:51:08;0.000
05-11-2016;07:02:17;13.358
05-11-2016;08:03:34;17.810
05-11-2016;09:04:53;31.168
05-11-2016;10:06:12;75.693
05-11-2016;11:07:30;102.408
05-11-2016;12:03:01;120.219
05-11-2016;12:08:35;138.029
05-11-2016;13:04:17;53.430
05-11-2016;14:11:07;62.336
05-11-2016;15:01:14;84.598
05-11-2016;16:02:30;17.810
05-11-2016;17:03:47;0.000
05-11-2016;18:05:02;0.000
05-11-2016;19:00:43;0.000
05-11-2016;20:01:57;0.000
05-11-2016;21:03:12;0.000
05-11-2016;22:04:26;0.000
05-11-2016;23:05:39;22.263
06-11-2016;00:01:07;0.000
06-11-2016;01:02:20;0.000
06-11-2016;02:03:32;0.000
06-11-2016;03:04:44;0.000
06-11-2016;04:00:21;0.000
06-11-2016;05:01:31;0.000
06-11-2016;06:02:43;4.453
06-11-2016;06:30:31;0.000
06-11-2016;07:03:53;0.000
06-11-2016;08:10:37;22.263
06-11-2016;09:00:39;75.693
06-11-2016;10:01:50;106.861
06-11-2016;11:03:02;218.174
06-11-2016;12:04:05;240.437
06-11-2016;13:10:52;338.393
06-11-2016;14:00:58;1050.799
06-11-2016;15:02:13;382.918
06-11-2016;16:14:34;66.788
06-11-2016;17:04:39;106.861
06-11-2016;18:00:17;0.000
06-11-2016;19:01:29;0.000
06-11-2016;20:02:40;0.000
06-11-2016;21:03:51;0.000
06-11-2016;22:05:02;0.000
06-11-2016;23:00:39;0.000
07-11-2016;00:01:39;8.905
07-11-2016;01:02:48;22.263
07-11-2016;02:03:58;0.000
07-11-2016;03:05:08;0.000
07-11-2016;04:00:41;0.000
07-11-2016;05:01:50;0.000
07-11-2016;06:02:58;0.000
07-11-2016;06:19:39;0.000
07-11-2016;07:04:07;8.905
07-11-2016;08:05:17;13.358
07-11-2016;09:00:52;26.715
07-11-2016;10:02:01;84.598
07-11-2016;11:08:45;187.007
07-11-2016;12:04:13;182.554
07-11-2016;13:05:23;213.722
07-11-2016;14:01:01;253.795
07-11-2016;14:34:24;739.122
07-11-2016;15:02:14;641.166
07-11-2016;16:03:27;44.525
07-11-2016;17:04:39;4.453
07-11-2016;18:00:16;0.000
07-11-2016;19:01:28;0.000
07-11-2016;20:02:37;0.000
07-11-2016;21:03:48;22.263
07-11-2016;22:04:58;0.000
07-11-2016;23:00:35;0.000
08-11-2016;00:01:35;0.000
08-11-2016;01:02:44;0.000
08-11-2016;02:03:53;44.525
08-11-2016;03:05:03;0.000
08-11-2016;04:00:38;0.000
08-11-2016;05:01:47;0.000
08-11-2016;06:02:57;0.000
08-11-2016;06:52:59;0.000
08-11-2016;07:04:07;0.000
08-11-2016;08:05:16;22.263
08-11-2016;09:00:51;48.978
08-11-2016;10:02:01;213.722
08-11-2016;11:08:47;258.247
08-11-2016;12:04:14;191.459
08-11-2016;13:05:25;748.027
08-11-2016;14:01:04;200.364
08-11-2016;14:34:29;912.771
08-11-2016;15:02:19;231.532
08-11-2016;16:09:07;89.051
08-11-2016;17:04:46;8.905
08-11-2016;18:00:25;0.000
08-11-2016;19:01:39;0.000
08-11-2016;20:02:51;0.000
08-11-2016;21:04:03;0.000
08-11-2016;22:05:15;0.000
08-11-2016;23:00:54;0.000
09-11-2016;00:01:55;0.000
09-11-2016;01:03:07;0.000
09-11-2016;02:04:20;0.000
09-11-2016;03:05:32;0.000
09-11-2016;04:01:11;0.000
09-11-2016;05:02:23;0.000
09-11-2016;06:03:36;26.715
09-11-2016;07:04:48;0.000
09-11-2016;08:06:04;4.453
09-11-2016;09:01:45;102.408
09-11-2016;10:03:01;498.684
09-11-2016;11:04:18;258.247
09-11-2016;12:00:01;182.554
09-11-2016;13:01:06;774.742
09-11-2016;14:02:25;837.078
09-11-2016;15:03:42;106.861
09-11-2016;16:04:59;48.978
09-11-2016;17:00:42;8.905
09-11-2016;18:01:57;0.000
09-11-2016;19:03:13;26.715
09-11-2016;20:04:28;0.000
09-11-2016;21:00:08;0.000
09-11-2016;22:01:24;8.905
09-11-2016;23:02:38;0.000
10-11-2016;00:03:41;8.905
10-11-2016;01:04:55;0.000
10-11-2016;02:00:34;13.358
10-11-2016;03:01:48;26.715
10-11-2016;04:03:01;0.000
10-11-2016;05:04:14;0.000
10-11-2016;06:05:28;0.000
10-11-2016;06:55:33;0.000
10-11-2016;07:01:07;0.000
10-11-2016;08:02:21;0.000
10-11-2016;09:20:16;40.073
10-11-2016;10:04:48;84.598
10-11-2016;11:00:28;44.525
10-11-2016;12:07:17;957.296
10-11-2016;13:02:59;204.817
10-11-2016;14:04:16;267.152
10-11-2016;15:05:33;102.408
10-11-2016;16:01:16;80.146
10-11-2016;17:02:33;22.263
10-11-2016;18:03:49;0.000
10-11-2016;19:05:05;0.000
10-11-2016;20:00:46;0.000
10-11-2016;21:02:01;0.000
10-11-2016;22:03:17;8.905
10-11-2016;23:04:32;0.000
11-11-2016;00:05:47;0.000
11-11-2016;01:01:28;13.358
11-11-2016;02:02:44;0.000
11-11-2016;03:09:34;0.000
11-11-2016;04:05:16;0.000
11-11-2016;05:00:57;0.000
11-11-2016;06:02:13;0.000
11-11-2016;07:03:29;0.000
11-11-2016;08:04:45;44.525
11-11-2016;09:00:26;57.883
11-11-2016;10:01:41;62.336
11-11-2016;11:02:57;89.051
11-11-2016;12:04:00;213.722
11-11-2016;13:05:16;173.649
11-11-2016;13:55:24;676.786
11-11-2016;14:00:59;249.342
11-11-2016;15:02:16;182.554
11-11-2016;16:03:34;84.598
11-11-2016;17:04:50;13.358
11-11-2016;18:00:32;0.000
11-11-2016;19:01:49;4.453
11-11-2016;20:03:04;0.000
11-11-2016;21:04:19;0.000
11-11-2016;22:00:00;0.000
11-11-2016;23:01:14;0.000
12-11-2016;00:02:16;8.905
12-11-2016;01:03:29;0.000
12-11-2016;02:04:42;0.000
12-11-2016;03:00:21;0.000
12-11-2016;04:01:33;0.000
12-11-2016;05:02:44;0.000
12-11-2016;06:03:57;0.000
12-11-2016;06:31:45;0.000
12-11-2016;07:05:08;0.000
12-11-2016;08:00:45;8.905
12-11-2016;09:01:56;75.693
12-11-2016;10:03:09;440.801
12-11-2016;11:04:24;547.662
12-11-2016;12:05:30;730.217
12-11-2016;13:01:13;681.239
12-11-2016;13:17:56;823.720
12-11-2016;14:02:32;244.890
12-11-2016;15:03:53;458.612
12-11-2016;16:05:13;133.576
12-11-2016;17:06:31;13.358
12-11-2016;18:02:13;0.000
12-11-2016;19:03:28;0.000
12-11-2016;20:04:44;0.000
12-11-2016;21:00:25;0.000
12-11-2016;22:01:39;8.905
12-11-2016;23:02:54;0.000
13-11-2016;00:03:56;0.000
13-11-2016;01:05:09;13.358
13-11-2016;02:00:49;8.905
13-11-2016;03:02:02;0.000
13-11-2016;04:03:17;0.000
13-11-2016;05:04:30;0.000
13-11-2016;05:26:45;0.000
13-11-2016;06:00:10;0.000
13-11-2016;07:01:23;0.000
13-11-2016;08:02:37;0.000
13-11-2016;09:03:54;40.073
13-11-2016;10:05:13;62.336
13-11-2016;11:00:56;84.598
13-11-2016;12:02:04;80.146
13-11-2016;13:03:21;102.408
13-11-2016;13:53:31;739.122
13-11-2016;14:10:14;302.773
13-11-2016;15:00:24;22.263
13-11-2016;16:01:41;13.358
13-11-2016;17:02:57;0.000
13-11-2016;18:04:15;44.525
13-11-2016;19:01:02;8.905
13-11-2016;20:10:44;13.358
13-11-2016;21:04:56;22.263
13-11-2016;22:04:06;0.000
13-11-2016;23:03:39;17.810
14-11-2016;00:09:03;0.000
14-11-2016;01:01:54;0.000
28-11-2016;21:18:12;13.358
28-11-2016;21:23:46;13.358
28-11-2016;21:29:19;13.358
28-11-2016;21:34:53;13.358
28-11-2016;21:40:27;13.358
28-11-2016;21:46:01;13.358
28-11-2016;21:51:34;0.000
28-11-2016;21:57:08;4.453
28-11-2016;22:02:42;4.453
28-11-2016;22:13:49;4.453
28-11-2016;22:19:23;8.905
28-11-2016;22:24:56;4.453
28-11-2016;22:30:30;8.905
28-11-2016;22:36:04;8.905
28-11-2016;22:41:37;8.905
28-11-2016;22:47:11;13.358
28-11-2016;22:58:18;0.000
28-11-2016;23:03:52;17.810
28-11-2016;23:09:25;22.263
28-11-2016;23:14:59;8.905
28-11-2016;23:20:33;8.905
28-11-2016;23:26:06;8.905
28-11-2016;23:31:40;17.810
28-11-2016;23:42:48;8.905
28-11-2016;23:48:21;22.263
28-11-2016;23:53:55;22.263
28-11-2016;23:59:28;22.263
29-11-2016;00:04:56;22.263
29-11-2016;00:10:30;17.810
29-11-2016;00:16:04;22.263
29-11-2016;00:21:37;17.810
29-11-2016;00:27:10;13.358
29-11-2016;00:32:44;22.263
29-11-2016;00:38:18;0.000
29-11-2016;00:43:51;22.263
29-11-2016;00:49:25;17.810
29-11-2016;00:54:59;17.810
29-11-2016;01:00:31;17.810
29-11-2016;01:11:39;22.263
29-11-2016;01:17:12;8.905
29-11-2016;01:22:45;0.000
29-11-2016;01:33:52;17.810
29-11-2016;01:39:26;17.810
29-11-2016;01:45:00;0.000
29-11-2016;01:56:07;17.810
29-11-2016;02:07:14;8.905
29-11-2016;02:18:20;22.263
29-11-2016;02:23:53;8.905
29-11-2016;02:29:27;8.905
29-11-2016;02:35:01;8.905
29-11-2016;02:40:34;8.905
29-11-2016;02:51:41;22.263
29-11-2016;02:57:14;8.905
29-11-2016;03:02:48;8.905
29-11-2016;03:08:21;8.905
29-11-2016;03:13:55;8.905
29-11-2016;03:19:29;22.263
29-11-2016;03:25:03;8.905
29-11-2016;03:30:36;8.905
29-11-2016;03:36:10;13.358
29-11-2016;03:41:44;22.263
29-11-2016;03:52:50;8.905
29-11-2016;03:58:24;17.810
29-11-2016;04:03:58;8.905
29-11-2016;04:09:31;8.905
29-11-2016;04:15:05;17.810
29-11-2016;04:20:39;22.263
29-11-2016;04:26:13;17.810
29-11-2016;04:37:20;22.263
29-11-2016;04:42:53;8.905
29-11-2016;04:54:00;8.905
29-11-2016;04:59:34;22.263
29-11-2016;05:05:08;0.000
29-11-2016;05:16:15;22.263
29-11-2016;05:21:49;4.453
29-11-2016;05:38:30;8.905
29-11-2016;05:44:03;8.905
29-11-2016;05:49:36;22.263
29-11-2016;06:00:44;22.263
29-11-2016;06:06:17;8.905
29-11-2016;06:11:51;22.263
29-11-2016;06:17:25;13.358
29-11-2016;06:22:59;22.263
29-11-2016;06:28:32;8.905
29-11-2016;06:34:06;8.905
29-11-2016;06:39:40;8.905
29-11-2016;06:45:13;22.263
29-11-2016;06:50:46;8.905
29-11-2016;07:13:01;22.263
29-11-2016;07:18:35;22.263
29-11-2016;07:24:08;22.263
29-11-2016;07:29:42;17.810
29-11-2016;07:35:15;22.263
29-11-2016;07:40:49;13.358
29-11-2016;07:46:23;22.263
29-11-2016;07:51:57;13.358
29-11-2016;08:03:03;31.168
29-11-2016;08:08:37;35.620
29-11-2016;08:14:11;44.525
29-11-2016;08:25:18;35.620
29-11-2016;08:30:52;40.073
29-11-2016;08:36:25;31.168
29-11-2016;08:41:59;48.978
29-11-2016;08:47:33;44.525
29-11-2016;08:53:07;44.525
29-11-2016;08:58:40;48.978
29-11-2016;09:04:14;53.430
29-11-2016;09:09:47;75.693
29-11-2016;09:26:28;80.146
29-11-2016;09:32:02;89.051
29-11-2016;09:37:36;102.408
29-11-2016;09:43:09;111.314
29-11-2016;09:54:17;120.219
29-11-2016;09:59:50;133.576
29-11-2016;10:05:23;124.671
29-11-2016;10:10:57;133.576
29-11-2016;10:16:31;120.219
29-11-2016;10:27:39;120.219
29-11-2016;10:33:13;133.576
29-11-2016;10:38:46;120.219
29-11-2016;10:44:20;142.481
29-11-2016;10:49:54;204.817
29-11-2016;10:55:28;222.627
29-11-2016;11:01:01;151.386
29-11-2016;11:06:34;178.102
29-11-2016;11:12:08;138.029
29-11-2016;11:17:42;151.386
29-11-2016;11:23:16;187.007
29-11-2016;11:28:50;258.247
29-11-2016;11:39:58;209.269
29-11-2016;11:45:32;222.627
29-11-2016;11:51:06;293.868
29-11-2016;11:56:40;351.751
29-11-2016;12:02:04;289.415
29-11-2016;12:07:38;191.459
29-11-2016;12:13:12;187.007
29-11-2016;12:18:46;173.649
29-11-2016;12:24:20;155.839
29-11-2016;12:29:54;129.124
29-11-2016;12:35:28;115.766
29-11-2016;12:41:02;124.671
29-11-2016;12:46:36;204.817
29-11-2016;12:52:09;173.649
29-11-2016;12:57:42;155.839
29-11-2016;13:03:16;129.124
29-11-2016;13:08:50;120.219
29-11-2016;13:14:24;111.314
29-11-2016;13:19:58;102.408
29-11-2016;13:25:32;97.956
29-11-2016;13:31:06;89.051
29-11-2016;13:36:40;89.051
29-11-2016;13:42:15;84.598
29-11-2016;13:53:22;66.788
29-11-2016;13:58:56;71.241
29-11-2016;14:04:30;53.430
29-11-2016;14:10:04;62.336
29-11-2016;14:15:38;48.978
29-11-2016;14:21:12;53.430
29-11-2016;14:43:27;80.146
29-11-2016;14:49:01;75.693
29-11-2016;14:54:35;66.788
29-11-2016;15:00:09;57.883
29-11-2016;15:05:43;44.525
29-11-2016;15:11:17;57.883
29-11-2016;15:16:51;26.715
29-11-2016;15:22:25;53.430
29-11-2016;15:27:59;40.073
29-11-2016;15:33:33;44.525
29-11-2016;15:39:07;44.525
29-11-2016;15:44:41;35.620
29-11-2016;15:50:15;40.073
29-11-2016;15:55:48;35.620
29-11-2016;16:01:22;31.168
29-11-2016;16:06:56;31.168
29-11-2016;16:12:29;22.263
29-11-2016;16:18:03;22.263
29-11-2016;16:23:37;31.168
29-11-2016;16:29:11;31.168
29-11-2016;16:34:45;17.810
29-11-2016;16:40:19;13.358
29-11-2016;16:45:52;17.810
29-11-2016;16:51:26;26.715
29-11-2016;17:02:34;13.358
29-11-2016;17:08:08;13.358
29-11-2016;17:13:42;8.905
29-11-2016;17:19:16;13.358
29-11-2016;17:24:50;22.263
29-11-2016;17:30:23;8.905
29-11-2016;17:35:57;13.358
29-11-2016;17:41:31;8.905
29-11-2016;17:47:05;17.810
29-11-2016;17:52:39;17.810
29-11-2016;17:58:13;8.905
29-11-2016;18:03:46;8.905
29-11-2016;18:09:20;4.453
29-11-2016;18:14:54;4.453
29-11-2016;18:20:28;8.905
29-11-2016;18:37:10;22.263
29-11-2016;18:42:44;8.905
29-11-2016;18:48:17;22.263
29-11-2016;18:53:51;8.905
29-11-2016;18:59:25;22.263
29-11-2016;19:04:59;8.905
29-11-2016;19:10:32;8.905
29-11-2016;19:16:06;4.453
29-11-2016;19:27:14;17.810
29-11-2016;19:32:48;0.000
29-11-2016;19:38:22;22.263
29-11-2016;19:43:56;22.263
29-11-2016;19:49:30;0.000
29-11-2016;20:06:10;22.263
29-11-2016;20:11:44;22.263
29-11-2016;20:17:18;22.263
29-11-2016;20:22:52;8.905
29-11-2016;20:28:26;13.358
29-11-2016;20:34:00;4.453
29-11-2016;20:39:34;17.810
29-11-2016;20:50:41;17.810
29-11-2016;20:56:14;13.358
29-11-2016;21:01:48;8.905
29-11-2016;21:12:56;8.905
29-11-2016;21:18:29;8.905
29-11-2016;21:24:03;8.905
29-11-2016;21:29:37;13.358
29-11-2016;21:35:11;17.810
29-11-2016;21:40:44;17.810
29-11-2016;21:46:18;13.358
29-11-2016;21:51:52;22.263
29-11-2016;21:57:26;22.263
29-11-2016;22:03:00;22.263
29-11-2016;22:08:32;8.905
29-11-2016;22:19:40;17.810
29-11-2016;22:25:13;22.263
29-11-2016;22:30:47;22.263
29-11-2016;22:36:21;8.905
29-11-2016;22:41:55;8.905
29-11-2016;22:47:29;13.358
29-11-2016;22:58:36;13.358
29-11-2016;23:04:10;17.810
29-11-2016;23:15:17;17.810
29-11-2016;23:20:51;26.715
29-11-2016;23:26:25;26.715
29-11-2016;23:31:59;26.715
29-11-2016;23:37:33;17.810
29-11-2016;23:43:07;17.810
29-11-2016;23:48:40;17.810
29-11-2016;23:59:48;26.715
30-11-2016;00:10:45;31.168
30-11-2016;00:16:18;13.358
30-11-2016;00:21:51;31.168
30-11-2016;00:27:25;22.263
30-11-2016;00:32:59;31.168
30-11-2016;00:38:33;31.168
30-11-2016;00:44:07;26.715
30-11-2016;00:55:15;31.168
30-11-2016;01:00:48;31.168
30-11-2016;01:06:22;31.168
30-11-2016;01:17:28;44.525
30-11-2016;01:23:02;31.168
30-11-2016;01:28:36;22.263
30-11-2016;01:39:44;31.168
30-11-2016;01:56:26;22.263
30-11-2016;02:02:00;22.263
30-11-2016;02:13:06;13.358
30-11-2016;02:18:40;22.263
30-11-2016;02:24:14;31.168
30-11-2016;02:29:48;31.168
30-11-2016;02:35:22;44.525
30-11-2016;02:40:55;31.168
30-11-2016;02:57:37;22.263
30-11-2016;03:03:10;26.715
30-11-2016;03:08:44;31.168
30-11-2016;03:14:18;31.168
30-11-2016;03:19:51;22.263
30-11-2016;03:36:33;31.168
30-11-2016;03:42:07;31.168
30-11-2016;03:53:14;22.263
30-11-2016;03:58:47;22.263
30-11-2016;04:04:21;22.263
30-11-2016;04:09:55;22.263
30-11-2016;04:21:02;22.263
30-11-2016;04:26:36;31.168
30-11-2016;04:37:44;31.168
30-11-2016;04:48:51;26.715
30-11-2016;04:54:25;22.263
30-11-2016;04:59:58;22.263
30-11-2016;05:05:32;31.168
30-11-2016;05:11:06;22.263
30-11-2016;05:16:39;31.168
30-11-2016;05:22:13;31.168
30-11-2016;05:33:21;22.263
30-11-2016;05:38:55;44.525
30-11-2016;05:44:28;13.358
30-11-2016;05:50:02;22.263
30-11-2016;06:01:10;22.263
30-11-2016;06:06:43;31.168
30-11-2016;06:12:16;31.168
30-11-2016;06:17:50;4.453
30-11-2016;06:23:24;31.168
30-11-2016;06:28:58;31.168
30-11-2016;06:34:31;22.263
30-11-2016;06:40:05;31.168
30-11-2016;06:45:39;22.263
30-11-2016;06:51:13;44.525
30-11-2016;06:56:47;22.263
30-11-2016;07:02:20;22.263
30-11-2016;07:07:54;31.168
30-11-2016;07:19:01;22.263
30-11-2016;07:24:34;31.168
30-11-2016;07:30:08;26.715
30-11-2016;07:35:42;22.263
30-11-2016;07:41:16;31.168
30-11-2016;07:46:50;26.715
30-11-2016;07:52:23;31.168
30-11-2016;08:03:31;31.168
30-11-2016;08:09:05;22.263
30-11-2016;08:14:39;35.620
30-11-2016;08:20:11;26.715
30-11-2016;08:25:45;40.073
30-11-2016;08:31:19;40.073
30-11-2016;08:36:53;31.168
30-11-2016;08:42:27;35.620
30-11-2016;08:48:00;44.525
30-11-2016;08:53:34;120.219
30-11-2016;08:59:08;124.671
30-11-2016;09:04:42;133.576
30-11-2016;09:21:24;187.007
30-11-2016;09:26:56;195.912
30-11-2016;09:32:30;218.174
30-11-2016;09:38:04;213.722
30-11-2016;09:43:38;249.342
30-11-2016;09:49:12;253.795
30-11-2016;09:54:46;271.605
30-11-2016;10:00:20;289.415
30-11-2016;10:05:54;289.415
30-11-2016;10:11:28;284.963
30-11-2016;10:17:02;307.225
30-11-2016;10:22:35;333.941
30-11-2016;10:28:09;333.941
30-11-2016;10:33:43;356.203
30-11-2016;10:50:25;378.466
30-11-2016;10:55:59;400.729
30-11-2016;11:01:33;405.181
30-11-2016;11:07:07;405.181
30-11-2016;11:12:41;422.991
30-11-2016;11:18:15;405.181
30-11-2016;11:23:50;440.801
30-11-2016;11:29:23;445.254
30-11-2016;11:34:57;449.707
30-11-2016;11:40:31;454.159
30-11-2016;11:46:05;471.969
30-11-2016;11:57:14;471.969
30-11-2016;12:08:12;485.327
30-11-2016;12:13:46;485.327
30-11-2016;12:19:21;463.064
30-11-2016;12:24:55;485.327
30-11-2016;12:30:28;480.874
30-11-2016;12:36:03;485.327
30-11-2016;12:41:37;489.779
30-11-2016;12:47:12;480.874
30-11-2016;12:52:46;476.422
30-11-2016;12:58:20;458.612
30-11-2016;13:03:54;485.327
30-11-2016;13:09:29;480.874
30-11-2016;13:20:38;467.517
30-11-2016;13:26:12;467.517
30-11-2016;13:31:46;471.969
30-11-2016;13:37:20;467.517
30-11-2016;13:42:55;449.707
30-11-2016;13:48:29;458.612
30-11-2016;13:54:04;445.254
30-11-2016;13:59:38;431.896
30-11-2016;14:10:47;422.991
30-11-2016;14:16:22;422.991
30-11-2016;14:27:30;400.729
30-11-2016;14:33:05;400.729
30-11-2016;14:38:39;391.824
30-11-2016;14:44:14;369.561
30-11-2016;14:49:48;378.466
30-11-2016;14:55:23;360.656
30-11-2016;15:00:57;347.298
30-11-2016;15:06:32;333.941
30-11-2016;15:17:41;316.130
30-11-2016;15:23:16;298.320
30-11-2016;15:28:50;289.415
30-11-2016;15:34:24;280.510
30-11-2016;15:39:58;258.247
30-11-2016;15:45:33;244.890
30-11-2016;15:51:07;235.985
30-11-2016;15:56:42;213.722
30-11-2016;16:02:16;213.722
30-11-2016;16:07:51;169.197
30-11-2016;16:13:25;173.649
30-11-2016;16:19:00;169.197
30-11-2016;16:24:34;142.481
30-11-2016;16:30:09;138.029
30-11-2016;16:35:42;111.314
30-11-2016;16:46:51;93.503
30-11-2016;16:58:00;40.073
30-11-2016;17:03:35;26.715
30-11-2016;17:09:09;22.263
30-11-2016;17:14:43;8.905
30-11-2016;17:20:17;0.000
30-11-2016;17:25:52;8.905
30-11-2016;17:31:26;0.000
30-11-2016;17:36:59;8.905
30-11-2016;17:42:33;0.000
30-11-2016;17:48:07;8.905
30-11-2016;17:53:42;8.905
30-11-2016;17:59:16;0.000
30-11-2016;18:04:50;8.905
30-11-2016;18:10:24;8.905
30-11-2016;18:15:58;0.000
30-11-2016;18:21:32;8.905
30-11-2016;18:27:07;8.905
30-11-2016;18:32:41;8.905
30-11-2016;18:38:14;8.905
30-11-2016;18:43:48;8.905
30-11-2016;18:49:22;8.905
30-11-2016;18:54:56;22.263
30-11-2016;19:06:04;8.905
30-11-2016;19:11:38;8.905
30-11-2016;19:17:12;8.905
30-11-2016;19:22:46;8.905
30-11-2016;19:28:21;0.000
30-11-2016;19:33:55;0.000
30-11-2016;19:39:28;0.000
30-11-2016;19:45:02;0.000
30-11-2016;19:50:36;0.000
30-11-2016;19:56:10;8.905
30-11-2016;20:01:44;8.905
30-11-2016;20:07:18;0.000
30-11-2016;20:12:52;8.905
30-11-2016;20:18:26;0.000
30-11-2016;20:24:00;8.905
30-11-2016;20:29:34;0.000
30-11-2016;20:35:07;0.000
30-11-2016;20:40:40;8.905
30-11-2016;20:46:14;0.000
30-11-2016;20:51:48;4.453
30-11-2016;20:57:22;0.000
30-11-2016;21:02:56;4.453
30-11-2016;21:08:30;0.000
30-11-2016;21:14:04;8.905
30-11-2016;21:19:38;0.000
30-11-2016;21:25:12;0.000
30-11-2016;21:30:46;0.000
30-11-2016;21:36:19;8.905
30-11-2016;21:41:53;0.000
30-11-2016;21:47:26;0.000
30-11-2016;21:53:00;8.905
30-11-2016;21:58:34;0.000
