DATE;Heure;ana1
24-08-2024;20:02:35;29.75
24-08-2024;20:03:10;29.85
24-08-2024;20:35:36;27.09
24-08-2024;21:08:01;26.53
24-08-2024;21:40:25;26.24
24-08-2024;22:12:49;26.06
24-08-2024;22:45:12;25.87
24-08-2024;23:17:37;25.78
24-08-2024;23:50:00;25.59
25-08-2024;00:22:23;25.40
25-08-2024;00:54:47;25.22
25-08-2024;01:27:09;25.12
25-08-2024;01:59:33;24.94
25-08-2024;02:31:56;24.84
25-08-2024;03:04:19;24.75
25-08-2024;03:36:41;24.57
25-08-2024;04:09:03;24.47
25-08-2024;04:41:26;24.38
25-08-2024;05:13:49;24.29
25-08-2024;05:46:11;24.10
25-08-2024;06:18:32;23.82
25-08-2024;06:50:54;23.73
25-08-2024;07:23:17;23.64
25-08-2024;07:55:38;23.64
25-08-2024;08:27:59;23.64
25-08-2024;09:00:21;23.64
25-08-2024;09:32:42;23.92
25-08-2024;10:05:05;24.38
25-08-2024;10:37:28;24.66
25-08-2024;11:09:50;24.47
25-08-2024;11:42:12;24.38
25-08-2024;12:14:34;24.47
25-08-2024;12:46:56;24.47
25-08-2024;13:19:20;24.84
25-08-2024;13:51:42;25.03
25-08-2024;14:24:05;25.22
25-08-2024;14:56:28;25.50
25-08-2024;15:28:52;25.68
25-08-2024;16:01:16;25.78
25-08-2024;16:33:39;25.40
25-08-2024;17:06:02;24.47
25-08-2024;17:38:24;23.73
25-08-2024;18:10:45;23.45
25-08-2024;18:43:08;23.45
25-08-2024;19:15:29;23.27
25-08-2024;19:47:50;23.18
25-08-2024;20:20:11;22.81
25-08-2024;20:52:32;23.27
25-08-2024;21:24:53;23.45
25-08-2024;21:57:15;23.64
25-08-2024;22:29:37;23.82
25-08-2024;23:01:59;23.82
25-08-2024;23:34:20;23.82
26-08-2024;00:06:42;23.82
26-08-2024;00:39:04;23.73
26-08-2024;01:43:48;23.55
26-08-2024;02:16:09;23.45
26-08-2024;02:48:30;23.45
26-08-2024;03:20:52;23.27
26-08-2024;03:53:14;23.27
26-08-2024;04:25:35;23.08
26-08-2024;04:57:56;22.99
26-08-2024;05:30:17;22.90
26-08-2024;06:02:38;22.44
26-08-2024;06:34:58;22.07
26-08-2024;07:07:19;21.88
26-08-2024;07:39:39;21.52
26-08-2024;08:11:59;21.52
26-08-2024;08:44:18;21.98
26-08-2024;09:16:39;22.53
26-08-2024;09:48:59;22.99
26-08-2024;10:21:21;23.45
26-08-2024;10:53:43;23.82
26-08-2024;11:26:05;24.19
26-08-2024;11:58:27;24.38
26-08-2024;12:30:49;24.57
26-08-2024;13:03:12;24.66
26-08-2024;13:35:35;23.82
26-08-2024;14:07:56;24.19
26-08-2024;14:40:19;24.57
26-08-2024;15:12:41;24.84
26-08-2024;15:45:04;24.94
26-08-2024;16:17:27;25.12
26-08-2024;17:22:13;25.31
26-08-2024;17:54:36;25.22
26-08-2024;18:26:59;25.22
26-08-2024;18:59:23;25.12
26-08-2024;19:31:46;24.84
26-08-2024;20:04:08;24.57
26-08-2024;20:36:30;24.29
26-08-2024;21:08:52;24.01
26-08-2024;21:41:14;23.82
26-08-2024;22:13:36;23.64
26-08-2024;22:45:59;23.55
26-08-2024;23:18:20;23.45
26-08-2024;23:50:42;23.36
27-08-2024;00:23:03;23.27
27-08-2024;00:55:24;23.36
27-08-2024;01:27:46;23.36
27-08-2024;02:00:08;23.36
27-08-2024;02:32:29;23.27
27-08-2024;03:04:50;23.08
27-08-2024;03:37:11;22.90
27-08-2024;04:09:32;22.71
27-08-2024;04:41:54;22.53
27-08-2024;05:14:15;22.35
27-08-2024;05:46:35;21.98
27-08-2024;06:18:55;21.52
27-08-2024;06:51:15;21.33
27-08-2024;07:23:34;21.24
27-08-2024;07:55:54;20.96
27-08-2024;08:28:14;21.06
27-08-2024;09:00:33;21.52
27-08-2024;09:32:53;22.07
27-08-2024;10:05:13;22.62
27-08-2024;10:37:34;23.08
27-08-2024;11:09:56;23.55
27-08-2024;11:42:18;23.92
27-08-2024;12:14:40;24.19
27-08-2024;12:47:02;24.38
27-08-2024;13:19:24;24.66
27-08-2024;13:51:47;24.84
27-08-2024;14:24:11;25.03
27-08-2024;14:56:34;25.22
27-08-2024;15:28:57;25.40
27-08-2024;16:01:20;25.59
27-08-2024;16:33:44;25.68
27-08-2024;17:06:08;25.87
27-08-2024;17:38:32;25.96
27-08-2024;18:10:56;26.06
27-08-2024;18:43:19;26.06
27-08-2024;19:15:43;26.24
27-08-2024;19:48:07;26.06
27-08-2024;20:20:32;25.78
27-08-2024;20:52:55;25.40
27-08-2024;21:25:19;25.22
27-08-2024;21:57:41;25.03
27-08-2024;23:02:28;24.75
27-08-2024;23:34:51;24.75
28-08-2024;00:07:13;24.66
28-08-2024;00:39:36;24.57
28-08-2024;01:11:58;24.47
28-08-2024;01:44:21;24.38
28-08-2024;02:16:44;24.38
28-08-2024;02:49:06;24.29
28-08-2024;03:21:29;24.19
28-08-2024;03:53:51;24.10
28-08-2024;04:26:13;24.01
28-08-2024;04:58:35;23.92
28-08-2024;05:30:57;23.73
28-08-2024;06:03:19;23.45
28-08-2024;06:35:40;23.27
28-08-2024;07:08:02;23.18
28-08-2024;07:40:23;23.08
28-08-2024;08:12:44;22.90
28-08-2024;08:45:06;22.99
28-08-2024;09:17:27;23.18
28-08-2024;09:49:48;23.73
28-08-2024;10:22:10;24.38
28-08-2024;11:26:55;25.31
28-08-2024;11:59:19;25.68
28-08-2024;12:31:43;25.87
28-08-2024;13:04:07;26.15
28-08-2024;13:36:31;26.34
28-08-2024;14:08:55;26.62
28-08-2024;14:41:20;26.81
28-08-2024;15:13:45;27.09
28-08-2024;15:46:10;27.18
28-08-2024;16:18:35;27.37
28-08-2024;16:51:00;27.47
28-08-2024;17:23:25;27.56
28-08-2024;17:55:51;27.56
28-08-2024;18:28:16;27.94
28-08-2024;19:00:42;27.94
28-08-2024;19:33:07;27.84
28-08-2024;20:05:33;27.37
28-08-2024;20:37:59;27.09
28-08-2024;21:10:23;26.90
28-08-2024;21:42:48;26.62
28-08-2024;22:15:12;26.53
28-08-2024;22:47:37;26.43
28-08-2024;23:20:01;26.34
28-08-2024;23:52:26;26.34
29-08-2024;00:24:50;26.24
29-08-2024;00:57:14;26.15
29-08-2024;01:29:38;25.96
29-08-2024;02:02:01;25.87
29-08-2024;02:34:26;25.78
29-08-2024;03:06:49;25.68
29-08-2024;03:39:13;25.59
29-08-2024;04:11:36;25.40
29-08-2024;04:44:00;25.31
29-08-2024;05:16:23;25.22
29-08-2024;05:48:47;25.12
29-08-2024;06:21:09;24.84
29-08-2024;06:53:32;24.75
29-08-2024;07:25:55;24.66
29-08-2024;07:58:17;24.47
29-08-2024;08:30:39;24.29
29-08-2024;09:03:03;24.10
29-08-2024;09:35:24;24.01
29-08-2024;10:07:47;24.38
29-08-2024;10:40:09;24.84
29-08-2024;11:12:32;25.22
29-08-2024;11:44:56;25.50
29-08-2024;12:17:19;25.78
29-08-2024;12:49:43;26.06
29-08-2024;13:22:07;26.24
29-08-2024;13:54:31;26.53
29-08-2024;14:26:56;26.53
29-08-2024;14:59:21;26.62
29-08-2024;15:31:45;26.71
29-08-2024;16:04:09;26.71
29-08-2024;16:36:34;26.81
29-08-2024;17:09:00;26.90
29-08-2024;17:41:24;27.00
29-08-2024;18:13:49;27.09
29-08-2024;18:46:14;27.09
29-08-2024;19:18:39;27.09
29-08-2024;19:51:04;27.00
29-08-2024;20:23:29;26.71
29-08-2024;20:55:54;26.43
29-08-2024;21:28:18;26.15
29-08-2024;22:00:42;25.96
29-08-2024;22:33:05;25.78
29-08-2024;23:05:29;25.68
29-08-2024;23:37:53;25.59
30-08-2024;00:10:17;25.50
30-08-2024;00:42:40;25.50
30-08-2024;01:15:03;25.40
30-08-2024;01:47:27;25.40
30-08-2024;02:19:51;25.40
30-08-2024;02:52:14;25.31
30-08-2024;03:24:37;25.31
30-08-2024;03:57:00;25.22
30-08-2024;04:29:23;25.12
30-08-2024;05:01:46;25.03
30-08-2024;05:34:10;24.94
30-08-2024;06:06:33;24.94
30-08-2024;06:38:56;24.84
30-08-2024;07:11:18;24.75
30-08-2024;07:43:41;24.66
30-08-2024;08:16:05;24.66
30-08-2024;08:48:27;24.57
30-08-2024;09:20:50;24.94
30-08-2024;09:53:13;25.03
30-08-2024;10:25:36;25.50
30-08-2024;10:57:59;25.96
30-08-2024;11:30:24;25.96
30-08-2024;12:02:48;26.34
30-08-2024;12:35:12;26.53
30-08-2024;13:07:36;26.81
30-08-2024;13:40:01;27.09
30-08-2024;14:12:26;27.28
30-08-2024;14:44:52;27.47
30-08-2024;15:17:17;27.66
30-08-2024;15:49:43;27.75
30-08-2024;16:22:08;27.84
30-08-2024;16:54:34;27.94
30-08-2024;17:26:59;28.03
30-08-2024;17:59:26;28.13
30-08-2024;18:31:52;28.22
30-08-2024;19:04:18;28.22
30-08-2024;19:36:44;28.22
30-08-2024;20:09:10;28.13
30-08-2024;20:41:36;28.03
30-08-2024;21:14:02;27.84
30-08-2024;21:46:28;27.66
30-08-2024;22:18:53;27.47
30-08-2024;22:51:18;27.37
30-08-2024;23:23:43;27.18
30-08-2024;23:56:09;27.00
31-08-2024;00:28:33;26.81
31-08-2024;01:00:58;26.71
31-08-2024;01:33:22;26.53
31-08-2024;02:05:46;26.43
31-08-2024;02:38:12;26.24
31-08-2024;03:10:36;26.15
31-08-2024;03:43:00;26.06
31-08-2024;04:15:23;25.96
31-08-2024;04:47:47;25.87
31-08-2024;05:20:11;25.78
31-08-2024;05:52:35;25.68
31-08-2024;06:24:59;25.59
31-08-2024;06:57:22;25.59
31-08-2024;07:29:45;25.50
31-08-2024;08:02:09;25.50
31-08-2024;08:34:33;25.40
31-08-2024;09:06:56;25.40
31-08-2024;09:39:20;25.68
31-08-2024;10:11:43;25.68
31-08-2024;10:44:07;25.59
31-08-2024;11:16:30;25.59
31-08-2024;11:48:55;26.53
31-08-2024;12:21:19;27.28
31-08-2024;12:53:44;27.66
31-08-2024;13:26:09;27.75
31-08-2024;13:58:35;27.84
31-08-2024;14:31:02;28.32
31-08-2024;15:03:28;28.60
31-08-2024;15:35:54;28.60
31-08-2024;16:08:20;28.41
31-08-2024;16:40:46;28.51
31-08-2024;17:13:12;28.60
31-08-2024;17:45:40;28.41
31-08-2024;18:18:05;27.94
31-08-2024;18:50:31;27.84
31-08-2024;19:22:57;28.13
31-08-2024;19:55:23;27.84
31-08-2024;20:27:49;27.37
31-08-2024;21:00:14;27.09
31-08-2024;21:32:39;27.09
31-08-2024;22:05:04;27.00
31-08-2024;22:37:28;27.00
31-08-2024;23:09:54;26.90
31-08-2024;23:42:19;26.71
01-09-2024;00:14:43;26.71
01-09-2024;00:47:08;26.62
01-09-2024;01:19:32;26.53
01-09-2024;01:51:57;26.43
01-09-2024;02:24:21;26.34
01-09-2024;02:56:45;26.15
01-09-2024;03:29:09;25.96
01-09-2024;04:01:33;25.87
01-09-2024;04:33:57;25.78
01-09-2024;05:06:21;25.68
01-09-2024;05:38:45;25.59
01-09-2024;06:11:08;25.40
01-09-2024;06:43:31;25.31
01-09-2024;07:15:54;25.22
01-09-2024;07:48:18;25.12
01-09-2024;08:20:41;25.03
01-09-2024;08:53:04;25.03
01-09-2024;09:25:27;24.94
01-09-2024;09:57:50;24.75
01-09-2024;10:30:13;24.57
01-09-2024;11:34:58;24.29
01-09-2024;12:07:20;24.38
01-09-2024;12:39:42;24.47
01-09-2024;13:12:05;24.75
01-09-2024;13:44:29;24.84
01-09-2024;14:16:51;24.94
01-09-2024;14:49:14;25.22
01-09-2024;15:21:37;25.40
01-09-2024;15:54:00;25.50
01-09-2024;16:26:25;25.68
01-09-2024;16:58:48;25.50
01-09-2024;17:31:11;25.50
01-09-2024;18:03:35;25.68
01-09-2024;18:35:58;25.31
01-09-2024;19:08:21;25.03
01-09-2024;19:40:45;24.94
01-09-2024;20:13:07;24.66
01-09-2024;20:45:29;24.38
01-09-2024;21:17:52;24.29
01-09-2024;21:50:14;24.29
01-09-2024;22:22:37;24.19
01-09-2024;22:54:59;24.10
01-09-2024;23:27:20;24.01
01-09-2024;23:59:42;24.01
02-09-2024;00:32:04;23.82
02-09-2024;01:04:25;23.73
02-09-2024;01:36:48;23.64
02-09-2024;02:09:09;23.45
02-09-2024;02:41:31;23.36
02-09-2024;03:13:52;23.27
02-09-2024;03:46:13;23.18
02-09-2024;04:18:34;23.08
02-09-2024;04:50:56;22.99
02-09-2024;05:23:17;22.81
02-09-2024;05:55:37;22.71
02-09-2024;06:27:58;22.62
02-09-2024;07:00:18;22.53
02-09-2024;07:32:39;22.44
02-09-2024;08:05:00;22.25
02-09-2024;08:37:20;22.35
02-09-2024;09:09:41;22.71
02-09-2024;09:42:01;23.18
02-09-2024;10:14:22;23.45
02-09-2024;10:46:45;23.64
02-09-2024;11:19:06;23.82
02-09-2024;11:51:28;24.19
02-09-2024;12:23:50;24.47
02-09-2024;12:56:12;24.84
02-09-2024;13:28:35;25.12
02-09-2024;14:00:59;25.40
02-09-2024;14:33:22;25.59
02-09-2024;15:05:45;25.78
02-09-2024;15:38:09;25.96
02-09-2024;16:10:32;26.15
02-09-2024;16:42:56;26.24
02-09-2024;17:15:21;26.34
02-09-2024;17:47:45;26.34
02-09-2024;18:20:09;26.34
02-09-2024;18:52:33;26.34
02-09-2024;19:24:56;26.34
02-09-2024;19:57:20;26.15
02-09-2024;20:29:45;25.78
02-09-2024;21:02:08;25.50
02-09-2024;21:34:31;25.40
02-09-2024;22:06:54;25.22
02-09-2024;22:39:17;25.12
02-09-2024;23:11:41;24.94
02-09-2024;23:44:03;24.84
03-09-2024;00:16:26;24.84
03-09-2024;00:48:48;24.75
03-09-2024;01:21:11;24.66
03-09-2024;01:53:34;24.57
03-09-2024;02:25:56;24.57
03-09-2024;02:58:19;24.47
03-09-2024;03:30:41;24.47
03-09-2024;04:03:03;24.38
03-09-2024;04:35:25;24.29
03-09-2024;05:07:48;24.19
03-09-2024;05:40:10;24.10
03-09-2024;06:12:32;24.10
03-09-2024;06:44:54;24.01
03-09-2024;07:17:15;24.01
03-09-2024;07:49:38;24.10
03-09-2024;08:22:00;24.29
03-09-2024;08:54:22;24.29
03-09-2024;09:26:44;24.19
03-09-2024;09:59:06;23.92
03-09-2024;10:31:28;23.73
03-09-2024;11:03:50;23.55
03-09-2024;11:36:11;23.55
03-09-2024;12:08:33;23.73
03-09-2024;12:40:54;23.92
03-09-2024;13:13:16;24.10
03-09-2024;13:45:38;24.19
03-09-2024;14:18:01;24.38
03-09-2024;14:50:23;24.66
03-09-2024;15:22:45;24.94
03-09-2024;15:55:08;25.03
03-09-2024;16:27:30;25.12
03-09-2024;16:59:54;25.22
03-09-2024;17:32:17;25.22
03-09-2024;18:04:40;25.22
03-09-2024;18:37:03;25.22
03-09-2024;19:09:26;25.03
03-09-2024;19:41:48;24.94
03-09-2024;20:46:34;24.38
03-09-2024;21:18:56;24.19
03-09-2024;21:51:18;24.19
03-09-2024;22:23:40;24.01
03-09-2024;22:56:03;24.01
03-09-2024;23:28:24;23.92
04-09-2024;00:00:46;23.73
04-09-2024;00:33:08;23.64
04-09-2024;01:05:29;23.55
04-09-2024;01:37:50;23.55
04-09-2024;02:10:13;23.45
04-09-2024;02:42:34;23.36
04-09-2024;03:14:55;23.27
04-09-2024;03:47:16;23.18
04-09-2024;04:19:37;23.18
04-09-2024;04:51:59;23.08
04-09-2024;05:24:20;22.99
04-09-2024;05:56:40;22.90
04-09-2024;06:29:01;22.90
04-09-2024;07:01:22;22.81
04-09-2024;07:33:42;22.71
04-09-2024;08:06:04;22.62
04-09-2024;08:38:24;22.53
04-09-2024;09:10:45;22.44
04-09-2024;09:43:05;22.44
04-09-2024;10:15:25;22.16
04-09-2024;10:47:46;21.79
04-09-2024;11:20:06;21.52
04-09-2024;11:52:25;21.33
04-09-2024;12:24:45;21.33
04-09-2024;12:57:04;21.33
04-09-2024;13:29:23;21.42
04-09-2024;14:01:44;21.42
04-09-2024;14:34:03;21.42
04-09-2024;15:06:22;21.42
04-09-2024;15:38:42;21.33
04-09-2024;16:11:01;21.42
04-09-2024;16:43:21;21.52
04-09-2024;17:15:41;21.52
04-09-2024;17:48:00;21.52
04-09-2024;18:20:20;21.61
04-09-2024;18:52:39;21.52
04-09-2024;19:24:59;21.61
04-09-2024;19:57:19;21.52
04-09-2024;20:29:39;21.33
04-09-2024;21:01:58;21.24
04-09-2024;21:34:17;21.15
04-09-2024;22:06:36;21.06
04-09-2024;22:38:55;20.87
04-09-2024;23:11:15;20.50
04-09-2024;23:43:34;20.23
05-09-2024;00:15:52;20.14
05-09-2024;00:48:10;20.14
05-09-2024;01:20:28;20.14
05-09-2024;01:52:47;20.14
05-09-2024;02:25:06;20.14
05-09-2024;02:57:24;20.05
05-09-2024;03:29:42;19.95
05-09-2024;04:02:01;19.86
05-09-2024;04:34:19;19.86
05-09-2024;05:06:37;19.77
05-09-2024;05:38:55;19.68
05-09-2024;06:11:13;19.59
05-09-2024;06:43:31;19.59
05-09-2024;07:15:49;19.59
05-09-2024;07:48:07;19.77
05-09-2024;08:20:25;19.59
05-09-2024;08:52:44;19.59
05-09-2024;09:25:01;19.59
05-09-2024;09:57:19;19.59
05-09-2024;10:29:37;19.49
05-09-2024;11:01:55;19.49
05-09-2024;11:34:13;19.49
05-09-2024;12:06:31;19.77
05-09-2024;12:38:50;20.05
05-09-2024;13:11:08;20.41
05-09-2024;13:43:27;20.69
05-09-2024;14:15:45;20.87
05-09-2024;14:48:04;21.15
05-09-2024;15:20:24;21.24
05-09-2024;15:52:44;21.42
05-09-2024;16:25:03;21.52
05-09-2024;16:57:23;21.61
05-09-2024;17:29:42;21.70
05-09-2024;18:02:03;21.79
05-09-2024;18:34:23;21.79
05-09-2024;19:06:42;21.79
05-09-2024;19:39:02;21.70
05-09-2024;20:11:21;21.61
05-09-2024;20:43:42;21.52
05-09-2024;21:16:01;21.33
05-09-2024;22:20:40;21.15
05-09-2024;22:52:59;21.24
05-09-2024;23:25:18;20.96
05-09-2024;23:57:38;20.87
06-09-2024;00:29:57;20.69
06-09-2024;01:02:16;20.60
06-09-2024;01:34:34;20.50
06-09-2024;02:06:53;20.32
06-09-2024;02:39:12;20.32
06-09-2024;03:11:31;20.23
06-09-2024;03:43:49;20.05
06-09-2024;04:16:07;20.05
06-09-2024;04:48:25;19.95
06-09-2024;05:20:44;19.86
06-09-2024;05:53:02;19.86
06-09-2024;06:25:20;19.86
06-09-2024;06:57:38;19.77
06-09-2024;07:29:56;19.77
06-09-2024;08:02:14;19.77
06-09-2024;08:34:33;19.68
06-09-2024;09:06:51;19.59
06-09-2024;09:39:09;19.59
06-09-2024;10:11:26;19.68
06-09-2024;10:43:44;19.68
06-09-2024;11:16:02;19.68
06-09-2024;11:48:20;19.86
06-09-2024;12:20:39;19.95
06-09-2024;12:52:57;20.05
06-09-2024;13:25:15;20.05
06-09-2024;13:57:33;20.14
06-09-2024;14:29:52;20.23
06-09-2024;15:02:10;20.32
06-09-2024;15:34:29;20.41
06-09-2024;16:06:48;20.60
06-09-2024;16:39:07;20.69
06-09-2024;17:11:26;20.69
06-09-2024;17:43:45;20.60
06-09-2024;18:16:03;20.41
06-09-2024;18:48:21;20.23
06-09-2024;19:20:40;20.23
06-09-2024;19:52:58;20.41
06-09-2024;20:25:18;20.32
06-09-2024;20:57:36;20.32
06-09-2024;21:29:54;20.32
06-09-2024;22:02:13;20.41
06-09-2024;22:34:31;20.23
06-09-2024;23:06:50;20.23
06-09-2024;23:39:09;20.14
07-09-2024;00:11:27;20.14
07-09-2024;00:43:45;20.14
07-09-2024;01:16:03;19.95
07-09-2024;01:48:22;20.05
07-09-2024;02:20:40;19.95
07-09-2024;02:52:58;19.95
07-09-2024;03:25:17;19.95
07-09-2024;03:57:35;19.77
07-09-2024;04:29:53;19.49
07-09-2024;05:02:11;19.31
07-09-2024;05:34:28;19.13
07-09-2024;06:06:45;19.03
07-09-2024;06:39:04;19.13
07-09-2024;07:11:21;19.13
07-09-2024;07:43:38;19.22
07-09-2024;08:15:56;19.31
07-09-2024;08:48:13;19.40
07-09-2024;09:20:31;19.49
07-09-2024;09:52:49;19.68
07-09-2024;10:25:08;19.86
07-09-2024;10:57:26;19.95
07-09-2024;11:29:44;20.14
07-09-2024;12:02:02;20.14
07-09-2024;12:34:21;20.41
07-09-2024;13:06:39;20.78
07-09-2024;13:38:59;21.24
07-09-2024;14:11:18;21.33
07-09-2024;14:43:38;21.42
07-09-2024;15:15:57;21.52
07-09-2024;15:48:16;21.70
07-09-2024;16:20:36;21.79
07-09-2024;16:52:56;21.79
07-09-2024;17:25:17;21.88
07-09-2024;17:57:36;21.79
07-09-2024;18:29:56;21.70
07-09-2024;19:02:15;21.52
07-09-2024;19:34:35;21.33
07-09-2024;20:06:54;21.15
07-09-2024;20:39:14;21.06
07-09-2024;21:11:33;21.15
07-09-2024;21:43:52;21.24
07-09-2024;22:16:11;21.15
07-09-2024;22:48:31;21.06
07-09-2024;23:20:50;21.06
07-09-2024;23:53:10;20.96
08-09-2024;00:25:28;20.78
08-09-2024;00:57:47;20.60
08-09-2024;01:30:06;20.50
08-09-2024;02:02:24;20.32
08-09-2024;02:34:43;20.23
08-09-2024;03:07:02;20.14
08-09-2024;03:39:20;19.95
08-09-2024;04:11:38;19.59
08-09-2024;04:43:56;19.22
08-09-2024;05:16:13;18.94
08-09-2024;05:48:30;18.67
08-09-2024;06:20:47;18.57
08-09-2024;06:53:05;18.57
08-09-2024;07:25:22;18.57
08-09-2024;07:57:39;18.76
08-09-2024;08:29:56;18.85
08-09-2024;09:02:13;19.13
08-09-2024;09:34:31;19.22
08-09-2024;10:06:48;19.31
08-09-2024;10:39:07;19.49
08-09-2024;11:11:24;19.68
08-09-2024;11:43:42;19.77
08-09-2024;12:16:00;19.86
08-09-2024;12:48:18;19.95
08-09-2024;13:20:36;19.95
08-09-2024;13:52:55;20.05
08-09-2024;14:25:13;20.14
08-09-2024;14:57:32;20.14
08-09-2024;15:29:50;20.05
08-09-2024;16:02:07;18.30
08-09-2024;16:34:24;19.13
08-09-2024;17:06:43;19.40
08-09-2024;17:39:00;19.59
08-09-2024;18:11:18;19.40
08-09-2024;18:43:36;19.22
08-09-2024;19:15:53;19.03
08-09-2024;19:48:10;18.94
08-09-2024;20:20:28;18.94
08-09-2024;20:52:46;18.85
08-09-2024;21:25:03;18.94
08-09-2024;22:29:37;19.03
08-09-2024;23:01:54;19.13
08-09-2024;23:34:13;18.94
09-09-2024;00:06:30;18.94
09-09-2024;00:38:47;18.85
09-09-2024;01:11:04;18.76
09-09-2024;01:43:21;18.67
09-09-2024;02:15:39;18.67
09-09-2024;02:47:56;18.57
09-09-2024;03:20:12;18.57
09-09-2024;03:52:30;18.30
09-09-2024;04:24:47;18.02
09-09-2024;04:57:03;18.02
09-09-2024;05:29:20;18.02
09-09-2024;06:01:36;18.02
09-09-2024;08:43:00;18.11
09-09-2024;09:15:17;18.21
09-09-2024;09:47:33;18.21
09-09-2024;10:19:50;18.21
09-09-2024;10:52:06;18.39
09-09-2024;11:24:23;19.03
09-09-2024;11:56:41;19.03
09-09-2024;12:28:58;19.31
09-09-2024;13:01:16;19.77
09-09-2024;13:33:35;20.14
09-09-2024;14:05:53;20.32
09-09-2024;14:38:12;20.50
09-09-2024;15:10:30;20.60
09-09-2024;15:42:49;20.60
09-09-2024;16:47:27;21.06
09-09-2024;17:19:46;21.15
09-09-2024;17:52:05;21.24
09-09-2024;18:24:24;21.15
09-09-2024;18:56:43;20.78
09-09-2024;19:29:03;20.41
09-09-2024;20:01:21;20.23
09-09-2024;20:33:39;19.95
09-09-2024;21:05:57;19.95
09-09-2024;21:38:16;19.86
09-09-2024;22:10:34;19.77
09-09-2024;22:42:51;19.68
09-09-2024;23:15:09;19.59
09-09-2024;23:47:27;19.49
10-09-2024;00:19:45;19.31
10-09-2024;00:52:02;19.22
10-09-2024;01:24:21;19.13
10-09-2024;01:56:38;19.13
10-09-2024;02:28:55;19.03
10-09-2024;03:01:12;18.94
10-09-2024;03:33:30;18.85
10-09-2024;04:05:47;18.57
10-09-2024;04:38:03;18.21
10-09-2024;05:10:20;18.11
10-09-2024;05:42:37;18.21
10-09-2024;06:14:53;18.21
10-09-2024;06:47:10;18.21
10-09-2024;07:19:28;18.21
10-09-2024;07:51:44;18.30
10-09-2024;08:24:01;18.21
10-09-2024;08:56:17;18.21
10-09-2024;09:28:34;18.30
10-09-2024;10:00:51;18.39
10-09-2024;10:33:08;18.57
10-09-2024;11:05:25;18.76
10-09-2024;11:37:42;19.13
10-09-2024;12:09:59;19.40
10-09-2024;12:42:17;19.77
10-09-2024;13:14:36;19.86
10-09-2024;13:46:54;19.95
10-09-2024;14:19:12;20.14
10-09-2024;14:51:31;20.23
10-09-2024;15:23:49;20.32
10-09-2024;15:56:07;20.50
10-09-2024;16:28:26;20.50
10-09-2024;17:00:45;20.69
10-09-2024;18:05:23;20.41
10-09-2024;18:37:41;20.14
10-09-2024;19:10:00;20.14
10-09-2024;19:42:18;20.41
10-09-2024;20:14:37;20.23
10-09-2024;20:46:55;19.95
10-09-2024;21:19:13;19.86
10-09-2024;21:51:31;19.77
10-09-2024;22:23:49;19.59
10-09-2024;22:56:07;19.49
10-09-2024;23:28:25;19.49
11-09-2024;00:00:42;19.40
11-09-2024;00:33:00;19.22
11-09-2024;01:37:36;19.03
11-09-2024;02:09:53;18.94
11-09-2024;02:42:10;18.94
11-09-2024;03:14:28;18.85
11-09-2024;03:46:45;18.67
11-09-2024;04:19:02;18.39
11-09-2024;04:51:18;18.11
11-09-2024;05:23:35;18.02
11-09-2024;05:55:51;18.02
11-09-2024;06:28:09;18.11
11-09-2024;07:00:25;18.11
11-09-2024;07:32:42;18.11
11-09-2024;08:04:59;18.39
11-09-2024;08:37:15;18.30
11-09-2024;09:09:32;18.30
11-09-2024;09:41:49;18.39
11-09-2024;10:14:07;18.57
11-09-2024;10:46:24;18.76
11-09-2024;11:18:41;19.22
11-09-2024;11:50:58;19.59
11-09-2024;12:23:16;19.59
11-09-2024;12:55:34;19.59
11-09-2024;14:00:11;19.95
11-09-2024;14:32:29;20.14
11-09-2024;15:04:47;20.41
11-09-2024;15:37:06;20.50
11-09-2024;16:41:43;20.69
11-09-2024;17:14:02;20.78
11-09-2024;18:18:40;20.50
11-09-2024;18:50:59;20.23
11-09-2024;19:23:17;20.14
11-09-2024;19:55:35;19.95
11-09-2024;21:00:11;19.68
11-09-2024;21:32:30;19.68
11-09-2024;22:04:48;19.77
11-09-2024;22:37:05;19.59
11-09-2024;23:09:23;19.49
11-09-2024;23:41:41;19.22
12-09-2024;00:46:16;18.94
12-09-2024;01:18:34;18.76
12-09-2024;01:50:51;18.67
12-09-2024;02:23:08;18.57
12-09-2024;02:55:25;18.48
12-09-2024;03:27:42;18.39
12-09-2024;03:59:59;18.11
12-09-2024;04:32:15;17.84
12-09-2024;05:04:32;17.65
12-09-2024;05:36:48;17.56
12-09-2024;06:09:05;17.38
12-09-2024;06:41:21;17.19
12-09-2024;07:13:37;17.01
12-09-2024;07:45:53;17.10
12-09-2024;08:18:08;17.01
12-09-2024;08:50:24;17.01
12-09-2024;09:22:40;17.10
12-09-2024;09:54:56;17.19
12-09-2024;10:27:11;17.28
12-09-2024;10:59:28;17.38
12-09-2024;11:31:44;17.56
12-09-2024;12:04:01;17.84
12-09-2024;12:36:17;18.21
12-09-2024;13:08:34;18.30
12-09-2024;13:40:51;18.57
12-09-2024;14:13:08;18.76
12-09-2024;14:45:25;18.94
12-09-2024;15:17:42;19.22
12-09-2024;15:50:01;19.40
12-09-2024;16:22:19;19.49
12-09-2024;16:54:36;19.49
12-09-2024;17:26:54;19.40
12-09-2024;21:45:10;17.19
12-09-2024;22:17:25;16.92
12-09-2024;22:49:41;16.82
12-09-2024;23:21:56;16.73
12-09-2024;23:54:12;16.73
13-09-2024;00:26:27;16.64
13-09-2024;00:58:42;16.55
13-09-2024;01:30:59;16.55
13-09-2024;02:03:14;16.45
13-09-2024;02:35:29;16.36
13-09-2024;03:07:45;16.36
13-09-2024;03:40:00;16.18
13-09-2024;04:12:15;15.99
13-09-2024;04:44:29;15.62
13-09-2024;05:16:44;15.44
13-09-2024;05:48:59;15.44
13-09-2024;06:21:14;15.44
13-09-2024;06:53:29;15.62
13-09-2024;07:25:43;15.62
13-09-2024;07:57:58;15.62
13-09-2024;08:30:12;15.71
13-09-2024;09:02:27;15.99
13-09-2024;09:34:42;16.36
13-09-2024;10:06:57;16.73
13-09-2024;10:39:14;17.10
13-09-2024;11:11:30;17.38
13-09-2024;11:43:46;17.56
13-09-2024;12:16:02;17.84
13-09-2024;12:48:19;17.93
13-09-2024;13:20:35;18.02
13-09-2024;13:52:51;18.02
13-09-2024;14:25:09;18.21
13-09-2024;14:57:26;18.30
13-09-2024;15:29:42;18.30
13-09-2024;16:01:59;18.30
13-09-2024;16:34:16;18.39
13-09-2024;17:06:33;18.39
13-09-2024;17:38:50;18.76
13-09-2024;18:11:07;18.67
13-09-2024;18:43:25;18.67
13-09-2024;19:15:42;18.48
13-09-2024;19:47:58;18.39
13-09-2024;20:20:15;18.39
13-09-2024;20:52:32;18.21
13-09-2024;21:24:49;17.93
13-09-2024;21:57:05;17.84
13-09-2024;22:29:21;17.65
13-09-2024;23:01:38;17.47
13-09-2024;23:33:54;17.28
14-09-2024;00:06:10;17.10
14-09-2024;00:38:26;16.92
14-09-2024;01:10:42;16.82
14-09-2024;01:42:57;16.73
14-09-2024;02:15:13;16.64
14-09-2024;03:19:43;16.36
14-09-2024;03:51:59;16.27
14-09-2024;04:24:14;16.08
14-09-2024;04:56:29;15.99
14-09-2024;05:28:44;15.81
14-09-2024;06:00:59;15.81
14-09-2024;06:33:14;15.62
14-09-2024;07:05:28;15.53
14-09-2024;07:37:44;15.44
14-09-2024;08:09:58;15.34
14-09-2024;08:42:12;15.44
14-09-2024;09:14:27;15.62
14-09-2024;09:46:41;15.99
14-09-2024;10:18:56;16.36
14-09-2024;10:51:12;16.92
14-09-2024;11:23:27;17.47
14-09-2024;11:55:45;17.84
14-09-2024;12:28:01;18.21
14-09-2024;13:00:18;18.39
14-09-2024;13:32:34;18.48
14-09-2024;14:04:51;18.57
14-09-2024;14:37:08;18.76
14-09-2024;15:09:25;18.76
14-09-2024;15:41:42;18.85
14-09-2024;16:14:01;18.94
14-09-2024;16:46:18;19.49
14-09-2024;17:18:36;19.68
14-09-2024;17:50:54;19.86
14-09-2024;18:23:11;19.59
14-09-2024;18:55:29;19.49
14-09-2024;19:27:47;19.49
14-09-2024;20:00:05;19.40
14-09-2024;20:32:22;19.31
14-09-2024;21:04:41;19.03
14-09-2024;21:36:58;18.57
14-09-2024;22:09:15;18.48
14-09-2024;22:41:32;18.21
14-09-2024;23:13:48;18.02
14-09-2024;23:46:05;17.84
15-09-2024;00:18:22;17.65
15-09-2024;00:50:38;17.47
15-09-2024;01:22:54;17.28
15-09-2024;01:55:10;17.19
15-09-2024;02:27:26;17.01
15-09-2024;02:59:41;16.92
15-09-2024;03:31:57;16.82
15-09-2024;04:04:13;16.55
15-09-2024;04:36:28;16.08
15-09-2024;05:08:43;15.81
15-09-2024;05:40:58;15.62
15-09-2024;06:13:12;15.53
15-09-2024;06:45:27;15.44
15-09-2024;07:17:41;15.44
15-09-2024;07:49:56;15.34
15-09-2024;08:22:11;15.34
15-09-2024;08:54:25;15.44
15-09-2024;09:26:40;15.90
15-09-2024;09:58:55;16.36
15-09-2024;10:31:10;17.01
15-09-2024;11:03:26;17.47
15-09-2024;11:35:42;17.84
15-09-2024;12:07:59;18.02
15-09-2024;13:12:32;18.21
15-09-2024;13:44:49;18.30
15-09-2024;14:17:06;18.48
15-09-2024;14:49:23;18.57
15-09-2024;15:21:40;18.85
15-09-2024;15:53:57;19.03
15-09-2024;16:26:15;19.77
15-09-2024;16:58:33;19.86
15-09-2024;17:30:51;19.95
15-09-2024;18:03:10;20.05
15-09-2024;18:35:28;19.95
15-09-2024;19:07:46;19.31
15-09-2024;19:40:04;19.13
15-09-2024;20:12:21;18.94
15-09-2024;20:44:38;18.76
15-09-2024;21:16:55;18.48
15-09-2024;21:49:13;18.39
15-09-2024;22:21:30;18.57
15-09-2024;22:53:47;18.21
15-09-2024;23:26:04;18.02
15-09-2024;23:58:20;17.75
16-09-2024;00:30:36;17.56
16-09-2024;01:02:52;17.47
16-09-2024;01:35:09;17.28
16-09-2024;02:07:25;17.10
16-09-2024;02:39:41;17.01
16-09-2024;03:11:57;16.92
16-09-2024;03:44:12;16.82
16-09-2024;04:16:28;16.45
16-09-2024;04:48:43;16.18
16-09-2024;05:20:58;15.81
16-09-2024;05:53:14;15.71
16-09-2024;06:25:28;15.71
16-09-2024;06:57:43;15.71
16-09-2024;07:29:58;15.90
16-09-2024;08:02:12;15.71
16-09-2024;08:34:27;15.71
16-09-2024;09:06:42;15.90
16-09-2024;09:38:58;16.18
16-09-2024;10:11:13;16.55
16-09-2024;10:43:28;16.92
16-09-2024;11:15:44;17.28
16-09-2024;11:48:00;17.65
16-09-2024;12:20:16;17.93
16-09-2024;12:52:34;18.11
16-09-2024;13:24:50;18.39
16-09-2024;13:57:07;18.57
16-09-2024;14:29:24;18.76
16-09-2024;15:01:41;18.85
16-09-2024;15:33:58;18.94
16-09-2024;16:06:16;19.03
16-09-2024;16:38:33;19.13
16-09-2024;17:10:52;19.22
16-09-2024;17:43:09;19.22
16-09-2024;18:15:27;19.31
16-09-2024;18:47:44;19.13
16-09-2024;19:20:01;18.94
16-09-2024;19:52:19;18.85
16-09-2024;20:24:37;19.13
16-09-2024;20:56:54;18.94
16-09-2024;21:29:11;18.85
16-09-2024;22:01:28;18.67
16-09-2024;22:33:45;18.57
16-09-2024;23:06:03;18.39
16-09-2024;23:38:20;18.30
17-09-2024;00:10:37;18.11
17-09-2024;00:42:53;18.02
17-09-2024;01:15:10;17.93
17-09-2024;01:47:26;17.75
17-09-2024;02:19:42;17.65
17-09-2024;02:51:58;17.56
17-09-2024;03:24:15;17.38
17-09-2024;03:56:31;17.19
17-09-2024;04:28:47;16.92
17-09-2024;05:01:03;16.55
17-09-2024;05:33:18;16.36
17-09-2024;06:05:33;16.18
17-09-2024;06:37:48;16.18
17-09-2024;07:10:03;16.36
17-09-2024;07:42:19;16.18
17-09-2024;08:14:35;16.08
17-09-2024;08:46:50;16.27
17-09-2024;09:19:05;16.45
17-09-2024;09:51:20;16.92
17-09-2024;10:23:36;17.38
17-09-2024;10:55:52;17.75
17-09-2024;11:28:08;17.93
17-09-2024;12:00:25;17.93
17-09-2024;12:32:41;17.93
17-09-2024;13:04:59;18.02
17-09-2024;13:37:15;18.02
17-09-2024;14:09:32;18.21
17-09-2024;14:41:48;18.30
17-09-2024;15:14:05;18.39
17-09-2024;15:46:22;18.48
17-09-2024;16:18:39;18.57
17-09-2024;16:50:56;18.67
17-09-2024;17:23:13;18.76
17-09-2024;17:55:30;18.67
17-09-2024;19:00:06;18.39
17-09-2024;19:32:22;18.30
17-09-2024;20:04:39;18.11
17-09-2024;20:36:56;18.02
17-09-2024;21:09:12;18.11
17-09-2024;21:41:29;18.21
17-09-2024;22:13:46;18.21
17-09-2024;22:46:03;18.21
17-09-2024;23:18:20;18.21
17-09-2024;23:50:37;18.21
18-09-2024;00:22:54;18.21
18-09-2024;00:55:10;18.21
18-09-2024;01:27:27;18.11
18-09-2024;01:59:44;18.02
18-09-2024;02:32:00;18.02
18-09-2024;03:04:17;18.02
18-09-2024;03:36:33;17.93
18-09-2024;04:08:50;17.84
18-09-2024;04:41:07;17.56
18-09-2024;05:13:23;17.28
18-09-2024;05:45:39;17.10
18-09-2024;06:17:55;17.10
18-09-2024;06:50:11;17.01
18-09-2024;07:22:26;17.01
18-09-2024;07:54:42;17.10
18-09-2024;08:26:58;17.19
18-09-2024;08:59:14;17.47
18-09-2024;09:31:31;18.11
18-09-2024;10:03:48;18.48
18-09-2024;10:36:05;18.94
18-09-2024;11:08:22;19.31
18-09-2024;11:40:40;19.40
18-09-2024;12:12:58;19.68
18-09-2024;12:45:16;19.86
18-09-2024;13:17:34;20.14
18-09-2024;13:49:53;20.23
18-09-2024;14:22:12;20.41
18-09-2024;14:54:30;20.60
18-09-2024;15:26:49;20.69
18-09-2024;15:59:08;20.87
18-09-2024;16:31:27;20.87
18-09-2024;17:03:46;20.96
18-09-2024;17:36:04;20.87
18-09-2024;18:08:23;20.87
18-09-2024;18:40:43;20.96
18-09-2024;19:13:02;20.69
18-09-2024;19:45:21;20.41
18-09-2024;20:17:39;20.32
18-09-2024;20:49:58;20.23
18-09-2024;21:22:16;20.14
18-09-2024;21:54:35;20.05
18-09-2024;22:26:53;19.86
18-09-2024;22:59:11;19.77
18-09-2024;23:31:30;19.86
19-09-2024;00:03:48;19.68
19-09-2024;00:36:06;19.49
19-09-2024;01:08:23;19.31
19-09-2024;01:40:41;19.13
19-09-2024;02:12:58;19.03
19-09-2024;02:45:16;18.85
19-09-2024;03:17:33;18.67
19-09-2024;03:49:50;18.57
19-09-2024;04:22:07;18.21
19-09-2024;04:54:24;17.84
19-09-2024;05:26:40;17.47
19-09-2024;05:58:56;17.19
19-09-2024;06:31:12;16.92
19-09-2024;07:03:28;16.73
19-09-2024;07:35:44;16.92
19-09-2024;08:08:00;16.55
19-09-2024;08:40:15;16.45
19-09-2024;09:12:30;16.55
19-09-2024;09:44:46;17.10
19-09-2024;10:17:02;17.65
19-09-2024;10:49:18;18.21
19-09-2024;11:21:35;18.76
19-09-2024;11:53:52;19.13
19-09-2024;12:26:11;19.49
19-09-2024;12:58:29;19.77
19-09-2024;13:30:47;20.05
19-09-2024;14:03:05;20.32
19-09-2024;14:35:24;20.50
19-09-2024;15:07:43;20.69
19-09-2024;15:40:01;20.87
19-09-2024;16:12:20;20.96
19-09-2024;16:44:40;21.06
19-09-2024;17:17:00;21.06
19-09-2024;17:49:19;21.15
19-09-2024;18:21:38;21.06
19-09-2024;18:53:57;21.42
19-09-2024;19:26:16;21.24
19-09-2024;19:58:36;21.06
19-09-2024;20:30:55;20.69
19-09-2024;21:03:13;20.41
19-09-2024;21:35:33;20.23
19-09-2024;22:07:51;20.05
19-09-2024;22:40:09;20.05
19-09-2024;23:12:28;19.95
19-09-2024;23:44:46;19.86
20-09-2024;00:17:04;19.86
20-09-2024;00:49:22;19.77
20-09-2024;01:21:40;19.59
20-09-2024;01:53:58;19.49
20-09-2024;02:26:16;19.49
20-09-2024;02:58:34;19.40
20-09-2024;03:30:52;19.31
20-09-2024;04:03:10;19.22
20-09-2024;04:35:27;19.03
20-09-2024;05:07:45;18.94
20-09-2024;05:40:02;18.85
20-09-2024;06:12:19;18.76
20-09-2024;06:44:36;18.67
20-09-2024;07:16:53;18.85
20-09-2024;07:49:11;18.76
20-09-2024;08:21:29;18.76
20-09-2024;08:53:46;18.76
20-09-2024;09:26:03;18.85
20-09-2024;09:58:20;18.85
20-09-2024;11:02:54;19.03
20-09-2024;11:35:13;19.22
20-09-2024;12:07:30;19.31
20-09-2024;12:39:48;19.40
20-09-2024;13:12:06;19.59
20-09-2024;13:44:23;19.77
20-09-2024;14:16:41;19.86
20-09-2024;14:48:59;20.14
20-09-2024;15:21:18;20.23
20-09-2024;15:53:36;20.32
20-09-2024;16:25:56;20.41
20-09-2024;16:58:14;20.41
20-09-2024;17:30:33;20.50
20-09-2024;18:02:51;20.50
20-09-2024;18:35:10;20.50
20-09-2024;19:07:28;20.50
20-09-2024;19:39:47;20.41
20-09-2024;20:12:06;20.32
20-09-2024;20:44:24;20.23
20-09-2024;21:16:42;20.14
20-09-2024;21:49:02;20.05
20-09-2024;22:21:20;19.95
20-09-2024;22:53:38;19.86
20-09-2024;23:25:56;19.86
20-09-2024;23:58:14;19.77
21-09-2024;00:30:32;19.68
21-09-2024;01:02:50;19.59
21-09-2024;01:35:08;19.49
21-09-2024;02:07:27;19.49
21-09-2024;02:39:44;19.49
21-09-2024;03:12:02;19.40
21-09-2024;03:44:20;19.31
21-09-2024;04:16:37;19.22
21-09-2024;04:48:55;18.94
21-09-2024;05:21:12;18.76
21-09-2024;05:53:29;18.57
21-09-2024;06:25:47;18.48
21-09-2024;06:58:04;18.57
21-09-2024;07:30:21;18.57
21-09-2024;08:02:38;18.67
21-09-2024;08:34:55;18.76
21-09-2024;09:07:12;18.85
21-09-2024;09:39:30;19.03
21-09-2024;10:11:47;19.31
21-09-2024;10:44:05;19.77
21-09-2024;11:48:42;20.32
21-09-2024;12:21:00;20.60
21-09-2024;12:53:19;20.96
21-09-2024;13:25:38;21.33
21-09-2024;13:57:58;21.42
21-09-2024;14:30:17;21.33
21-09-2024;15:02:36;21.33
21-09-2024;15:34:57;21.33
21-09-2024;16:07:16;21.24
21-09-2024;16:39:35;21.42
21-09-2024;17:11:55;21.52
21-09-2024;17:44:14;21.61
21-09-2024;18:16:34;21.33
21-09-2024;18:48:53;20.96
21-09-2024;19:21:12;20.41
21-09-2024;19:53:30;20.05
21-09-2024;20:25:49;19.77
21-09-2024;20:58:07;19.59
21-09-2024;21:30:25;19.59
21-09-2024;22:02:43;19.68
21-09-2024;22:35:01;19.59
21-09-2024;23:07:19;19.59
22-09-2024;00:11:55;19.68
22-09-2024;00:44:13;19.68
22-09-2024;03:25:43;19.77
22-09-2024;05:02:37;19.49
22-09-2024;05:34:55;19.49
22-09-2024;06:07:13;19.49
22-09-2024;06:39:31;19.59
22-09-2024;07:11:49;19.59
22-09-2024;07:44:07;19.77
22-09-2024;08:16:25;19.86
22-09-2024;08:48:43;19.95
22-09-2024;09:21:01;19.86
22-09-2024;09:53:19;19.86
22-09-2024;10:25:38;19.86
22-09-2024;10:57:56;19.86
22-09-2024;11:30:14;19.95
22-09-2024;12:02:32;20.05
22-09-2024;12:34:51;20.14
22-09-2024;13:07:09;20.23
22-09-2024;13:39:27;20.32
22-09-2024;14:11:46;20.41
22-09-2024;14:44:04;20.78
22-09-2024;15:16:24;20.96
22-09-2024;15:48:43;21.15
22-09-2024;16:21:03;21.52
22-09-2024;16:53:22;21.52
22-09-2024;17:25:42;21.52
22-09-2024;17:58:01;21.52
22-09-2024;18:30:21;21.33
22-09-2024;19:02:41;20.96
22-09-2024;19:35:00;20.60
22-09-2024;20:07:19;20.78
22-09-2024;20:39:37;20.60
22-09-2024;21:11:56;20.50
22-09-2024;21:44:15;20.32
22-09-2024;22:16:33;20.23
22-09-2024;22:48:51;20.14
22-09-2024;23:21:10;20.05
22-09-2024;23:53:28;19.95
23-09-2024;00:25:47;19.86
23-09-2024;00:58:05;19.77
23-09-2024;01:30:23;19.68
23-09-2024;02:02:41;19.49
23-09-2024;02:34:59;19.49
23-09-2024;03:07:16;19.40
23-09-2024;03:39:34;19.22
23-09-2024;04:11:51;19.03
23-09-2024;04:44:10;18.76
23-09-2024;05:16:27;18.48
23-09-2024;05:48:44;18.48
23-09-2024;06:21:01;18.48
23-09-2024;06:53:18;18.57
23-09-2024;07:25:34;18.67
23-09-2024;07:57:51;18.57
23-09-2024;08:30:08;18.57
23-09-2024;09:02:25;18.48
23-09-2024;09:34:43;18.57
23-09-2024;10:07:00;18.57
23-09-2024;10:39:17;18.85
23-09-2024;11:11:35;19.22
23-09-2024;11:43:52;19.59
23-09-2024;12:16:10;19.86
23-09-2024;12:48:28;20.05
23-09-2024;13:20:46;20.23
23-09-2024;13:53:05;20.50
23-09-2024;14:25:23;20.69
23-09-2024;14:57:43;20.87
23-09-2024;15:30:02;20.96
23-09-2024;16:02:21;20.96
23-09-2024;16:34:40;21.06
23-09-2024;17:06:59;21.06
23-09-2024;17:39:18;21.06
23-09-2024;18:11:37;20.96
23-09-2024;18:43:56;20.96
23-09-2024;19:16:15;20.60
23-09-2024;19:48:35;20.41
23-09-2024;20:20:53;20.41
23-09-2024;20:53:12;20.50
23-09-2024;21:25:31;20.50
23-09-2024;21:57:49;20.32
23-09-2024;22:30:08;20.14
23-09-2024;23:02:26;19.95
23-09-2024;23:34:44;19.77
24-09-2024;00:07:02;19.68
24-09-2024;00:39:21;19.49
24-09-2024;01:11:38;19.40
24-09-2024;01:43:56;19.22
24-09-2024;02:16:13;19.13
24-09-2024;02:48:31;19.03
24-09-2024;03:20:48;18.94
24-09-2024;03:53:05;18.76
24-09-2024;04:25:22;18.39
24-09-2024;04:57:40;18.11
24-09-2024;05:29:56;17.93
24-09-2024;06:02:13;17.84
24-09-2024;06:34:29;17.93
24-09-2024;07:06:46;17.93
24-09-2024;07:39:02;18.21
24-09-2024;08:11:19;18.02
24-09-2024;08:43:35;18.02
24-09-2024;09:15:52;18.02
24-09-2024;09:48:08;18.21
24-09-2024;10:20:26;18.39
24-09-2024;10:52:43;18.67
24-09-2024;11:25:00;19.13
24-09-2024;11:57:17;19.49
24-09-2024;12:29:35;19.77
24-09-2024;13:01:53;20.05
24-09-2024;13:34:11;20.23
24-09-2024;14:38:49;20.60
24-09-2024;15:11:08;20.78
24-09-2024;15:43:27;20.87
24-09-2024;16:15:46;20.96
24-09-2024;16:48:05;20.96
24-09-2024;17:20:24;20.96
24-09-2024;17:52:43;21.06
24-09-2024;18:25:02;20.69
24-09-2024;18:57:21;20.41
24-09-2024;19:29:40;20.32
24-09-2024;20:01:58;19.95
24-09-2024;20:34:16;19.68
24-09-2024;21:06:34;19.59
24-09-2024;21:38:51;19.49
24-09-2024;22:43:27;19.22
24-09-2024;23:15:44;19.13
24-09-2024;23:48:02;19.03
25-09-2024;00:20:19;18.94
25-09-2024;00:52:37;18.85
25-09-2024;01:24:54;18.76
25-09-2024;01:57:11;18.67
25-09-2024;02:29:28;18.67
25-09-2024;03:01:45;18.57
25-09-2024;03:34:03;18.39
25-09-2024;04:06:20;18.30
25-09-2024;04:38:36;17.93
25-09-2024;05:10:53;17.65
25-09-2024;05:43:09;17.38
25-09-2024;06:15:25;17.28
25-09-2024;06:47:41;17.38
25-09-2024;07:19:57;17.38
25-09-2024;07:52:14;17.56
25-09-2024;08:24:30;17.47
25-09-2024;08:56:46;17.38
25-09-2024;09:29:02;17.56
25-09-2024;10:01:18;17.84
25-09-2024;10:33:34;18.21
25-09-2024;11:05:51;18.48
25-09-2024;11:38:08;18.94
25-09-2024;12:10:27;19.31
25-09-2024;12:42:44;19.49
25-09-2024;13:15:02;19.86
25-09-2024;13:47:20;20.05
25-09-2024;14:19:38;20.32
25-09-2024;14:51:57;20.60
25-09-2024;15:56:34;20.87
25-09-2024;16:28:53;20.96
25-09-2024;17:01:13;21.06
25-09-2024;18:05:51;21.15
25-09-2024;18:38:10;21.15
25-09-2024;19:10:29;21.06
25-09-2024;19:42:48;20.87
25-09-2024;20:15:08;20.78
25-09-2024;20:47:27;20.78
25-09-2024;21:19:46;20.69
25-09-2024;21:52:04;20.60
25-09-2024;22:24:23;20.50
25-09-2024;22:56:41;20.60
25-09-2024;23:29:01;20.50
26-09-2024;00:01:20;20.50
26-09-2024;00:33:38;20.41
26-09-2024;01:05:57;20.41
26-09-2024;01:38:15;20.41
26-09-2024;02:10:34;20.41
26-09-2024;02:42:53;20.41
26-09-2024;03:15:12;20.41
26-09-2024;03:47:30;20.32
26-09-2024;04:19:48;20.14
26-09-2024;04:52:07;19.86
26-09-2024;05:24:25;19.68
26-09-2024;05:56:42;19.68
26-09-2024;06:29:01;19.49
26-09-2024;07:01:19;19.31
26-09-2024;07:33:36;19.40
26-09-2024;08:05:54;19.22
26-09-2024;08:38:11;19.22
26-09-2024;09:10:29;19.22
26-09-2024;09:42:47;19.22
26-09-2024;10:15:04;19.31
26-09-2024;10:47:22;19.31
26-09-2024;11:19:39;19.40
26-09-2024;11:51:57;19.40
26-09-2024;12:24:16;19.31
26-09-2024;12:56:33;19.40
26-09-2024;13:28:51;19.49
26-09-2024;14:01:08;19.49
26-09-2024;14:33:26;19.59
26-09-2024;15:05:44;19.59
26-09-2024;15:38:02;19.59
26-09-2024;16:10:20;19.68
26-09-2024;16:42:38;19.68
26-09-2024;17:14:56;19.68
26-09-2024;17:47:14;19.86
26-09-2024;18:19:32;19.59
26-09-2024;19:24:08;19.31
26-09-2024;19:56:26;19.03
26-09-2024;20:28:43;18.85
26-09-2024;21:01:00;18.85
26-09-2024;21:33:17;18.94
26-09-2024;22:05:34;18.94
26-09-2024;22:37:52;18.94
26-09-2024;23:10:10;19.03
26-09-2024;23:42:27;19.03
27-09-2024;00:14:44;19.03
27-09-2024;00:47:02;19.03
27-09-2024;01:19:19;19.03
27-09-2024;01:51:36;18.94
27-09-2024;02:23:54;18.94
27-09-2024;02:56:11;18.94
27-09-2024;03:28:29;18.85
27-09-2024;04:00:46;18.85
27-09-2024;04:33:03;18.67
27-09-2024;05:05:20;18.57
27-09-2024;05:37:38;18.57
27-09-2024;06:09:54;18.48
27-09-2024;06:42:11;18.48
27-09-2024;07:14:28;18.48
27-09-2024;07:46:45;18.39
27-09-2024;08:19:02;18.30
27-09-2024;08:51:19;18.21
27-09-2024;09:23:36;18.21
27-09-2024;09:55:52;18.21
27-09-2024;10:28:09;18.21
27-09-2024;11:00:25;18.21
27-09-2024;11:32:42;18.30
27-09-2024;12:04:59;18.30
27-09-2024;12:37:16;18.30
27-09-2024;13:09:33;18.39
27-09-2024;13:41:50;18.48
27-09-2024;14:14:07;18.57
27-09-2024;14:46:24;18.67
27-09-2024;15:50:58;18.67
27-09-2024;16:23:15;18.67
27-09-2024;16:55:32;18.57
27-09-2024;17:27:49;18.57
27-09-2024;18:00:06;18.48
27-09-2024;18:32:23;18.48
27-09-2024;19:04:40;18.39
27-09-2024;19:36:57;18.39
27-09-2024;20:09:14;18.30
27-09-2024;20:41:30;18.21
27-09-2024;21:13:47;18.11
27-09-2024;21:46:03;17.93
27-09-2024;22:18:20;17.84
27-09-2024;22:50:37;17.65
27-09-2024;23:22:53;17.47
27-09-2024;23:55:09;17.47
28-09-2024;00:27:24;17.28
28-09-2024;00:59:40;17.28
28-09-2024;01:31:57;17.19
28-09-2024;02:04:13;17.10
28-09-2024;02:36:28;17.01
28-09-2024;03:08:44;16.92
28-09-2024;03:40:59;16.92
28-09-2024;04:13:15;16.55
28-09-2024;04:45:30;16.18
28-09-2024;05:17:46;15.99
28-09-2024;05:50:00;15.71
28-09-2024;06:22:15;15.44
28-09-2024;06:54:29;15.53
28-09-2024;07:26:44;15.62
28-09-2024;07:58:58;15.62
28-09-2024;08:31:13;15.71
28-09-2024;09:03:28;15.90
28-09-2024;09:35:43;16.18
28-09-2024;10:07:58;16.73
28-09-2024;10:40:13;16.92
28-09-2024;11:12:29;16.92
28-09-2024;11:44:44;17.10
28-09-2024;12:17:01;17.28
28-09-2024;12:49:17;17.65
28-09-2024;13:21:33;17.84
28-09-2024;13:53:49;18.11
28-09-2024;14:26:06;18.21
28-09-2024;14:58:22;18.39
28-09-2024;15:30:40;18.57
28-09-2024;16:02:57;18.57
28-09-2024;16:35:14;18.57
28-09-2024;17:07:31;18.39
28-09-2024;18:44:21;17.75
28-09-2024;19:16:37;17.93
28-09-2024;19:48:54;18.39
28-09-2024;20:21:11;18.48
28-09-2024;20:53:27;18.02
28-09-2024;21:25:45;17.56
28-09-2024;21:58:01;17.28
28-09-2024;22:30:16;17.19
28-09-2024;23:02:32;17.01
28-09-2024;23:34:48;16.82
29-09-2024;00:07:03;16.73
29-09-2024;00:39:19;16.55
29-09-2024;01:11:34;16.45
29-09-2024;01:43:50;16.27
29-09-2024;02:16:04;16.18
29-09-2024;02:48:19;15.99
29-09-2024;03:20:34;15.90
29-09-2024;03:52:50;15.62
29-09-2024;04:25:04;15.16
29-09-2024;04:57:18;14.88
29-09-2024;05:29:32;14.79
29-09-2024;06:01:46;14.69
29-09-2024;06:34:00;14.69
29-09-2024;07:06:14;14.69
29-09-2024;07:38:28;14.60
29-09-2024;08:10:42;14.60
29-09-2024;08:42:55;14.23
29-09-2024;09:15:09;14.32
29-09-2024;09:47:22;14.51
29-09-2024;10:19:36;14.88
29-09-2024;10:51:51;15.25
29-09-2024;11:24:05;15.71
29-09-2024;11:56:20;16.08
29-09-2024;12:28:35;16.36
29-09-2024;13:00:50;16.64
29-09-2024;13:33:06;17.10
29-09-2024;14:05:22;17.28
29-09-2024;14:37:38;17.47
29-09-2024;15:09:54;17.65
29-09-2024;15:42:10;17.84
29-09-2024;16:14:26;17.93
29-09-2024;16:46:44;18.02
29-09-2024;17:19:00;18.21
29-09-2024;17:51:17;18.30
29-09-2024;18:23:33;18.30
29-09-2024;18:55:50;18.11
29-09-2024;19:28:06;17.93
29-09-2024;20:00:24;17.65
29-09-2024;20:32:40;17.28
29-09-2024;21:37:11;16.82
29-09-2024;22:09:26;16.64
29-09-2024;22:41:42;16.55
29-09-2024;23:13:57;16.55
29-09-2024;23:46:13;16.55
30-09-2024;00:18:28;16.45
30-09-2024;00:50:43;16.45
30-09-2024;01:22:58;16.45
30-09-2024;02:27:29;16.36
30-09-2024;02:59:45;16.45
30-09-2024;03:32:00;16.45
30-09-2024;04:04:15;16.36
30-09-2024;04:36:30;16.36
30-09-2024;05:08:45;16.36
30-09-2024;05:41:00;16.27
30-09-2024;06:13:15;16.27
30-09-2024;06:45:31;16.27
30-09-2024;07:17:46;16.55
30-09-2024;08:22:17;16.45
30-09-2024;08:54:32;16.18
30-09-2024;09:26:47;15.99
30-09-2024;09:59:03;15.90
30-09-2024;11:03:33;16.64
30-09-2024;11:35:48;17.01
30-09-2024;12:08:04;17.56
30-09-2024;12:40:20;19.22
30-09-2024;13:12:39;19.95
30-09-2024;13:44:57;19.86
30-09-2024;14:17:15;19.95
30-09-2024;14:49:33;20.05
30-09-2024;15:21:51;20.23
30-09-2024;15:54:10;20.41
30-09-2024;16:26:29;21.24
30-09-2024;16:58:49;21.70
30-09-2024;18:03:28;21.70
30-09-2024;18:35:48;21.42
30-09-2024;19:08:07;21.06
30-09-2024;19:40:27;20.78
30-09-2024;20:12:45;20.50
30-09-2024;20:45:04;20.32
30-09-2024;21:17:22;20.23
30-09-2024;21:49:41;20.14
30-09-2024;22:21:59;19.95
30-09-2024;22:54:18;19.86
30-09-2024;23:58:54;19.68
01-10-2024;01:03:29;19.40
01-10-2024;01:35:47;19.22
01-10-2024;02:08:05;19.13
01-10-2024;02:40:23;19.03
01-10-2024;03:12:40;18.94
01-10-2024;04:17:14;18.67
01-10-2024;04:49:31;18.57
01-10-2024;05:21:49;18.48
01-10-2024;05:54:06;18.39
01-10-2024;06:26:22;18.30
01-10-2024;06:58:39;18.21
01-10-2024;07:30:55;18.11
01-10-2024;08:03:12;18.02
01-10-2024;08:35:29;17.84
01-10-2024;09:07:46;17.75
01-10-2024;09:40:02;17.65
01-10-2024;10:12:18;17.75
01-10-2024;10:44:34;17.93
01-10-2024;11:16:51;18.11
01-10-2024;11:49:07;18.48
01-10-2024;12:21:25;18.76
01-10-2024;12:53:42;19.13
01-10-2024;13:26:00;19.40
01-10-2024;13:58:17;19.77
01-10-2024;14:30:35;20.14
01-10-2024;15:02:55;20.32
01-10-2024;15:35:13;20.50
01-10-2024;16:07:32;20.69
01-10-2024;16:39:50;20.87
01-10-2024;17:12:09;21.06
01-10-2024;17:44:28;21.15
01-10-2024;18:16:48;21.15
01-10-2024;18:49:07;21.06
01-10-2024;19:21:26;20.96
01-10-2024;19:53:45;20.87
01-10-2024;20:26:04;20.87
01-10-2024;20:58:23;20.78
01-10-2024;21:30:43;20.78
01-10-2024;22:03:02;20.69
01-10-2024;22:35:20;20.69
01-10-2024;23:07:39;20.60
01-10-2024;23:39:57;20.50
02-10-2024;00:12:17;20.50
02-10-2024;00:44:36;20.41
02-10-2024;01:16:54;20.23
02-10-2024;01:49:12;20.14
02-10-2024;02:21:30;20.05
02-10-2024;02:53:49;19.86
02-10-2024;03:26:07;19.77
02-10-2024;03:58:25;19.59
02-10-2024;04:30:43;19.49
02-10-2024;05:03:01;19.49
02-10-2024;05:35:18;19.40
02-10-2024;06:07:36;19.31
02-10-2024;06:39:54;19.22
02-10-2024;07:44:29;19.13
02-10-2024;08:16:46;18.94
02-10-2024;09:21:21;18.30
02-10-2024;09:53:38;18.02
02-10-2024;10:25:54;17.65
02-10-2024;10:58:10;17.65
02-10-2024;11:30:26;17.75
02-10-2024;12:02:43;17.84
02-10-2024;12:35:00;18.02
02-10-2024;13:07:16;18.21
02-10-2024;13:39:33;18.39
02-10-2024;14:11:50;18.48
02-10-2024;14:44:06;18.57
02-10-2024;15:16:23;18.67
02-10-2024;15:48:41;18.76
02-10-2024;16:20:58;18.76
02-10-2024;16:53:15;18.76
02-10-2024;17:25:32;18.76
02-10-2024;17:57:49;18.76
02-10-2024;19:02:24;18.48
02-10-2024;19:34:41;18.39
02-10-2024;20:39:14;18.21
02-10-2024;21:11:31;17.93
02-10-2024;21:43:47;17.65
02-10-2024;22:16:04;17.38
02-10-2024;22:48:20;17.28
02-10-2024;23:20:35;17.19
02-10-2024;23:52:51;17.19
03-10-2024;00:25:07;17.19
03-10-2024;00:57:23;17.19
03-10-2024;01:29:39;17.10
03-10-2024;02:34:11;17.01
03-10-2024;03:06:26;16.92
03-10-2024;03:38:42;16.92
03-10-2024;04:43:14;16.82
03-10-2024;05:15:29;16.82
03-10-2024;05:47:44;16.73
03-10-2024;06:20:00;16.73
03-10-2024;06:52:15;16.73
03-10-2024;07:24:32;16.82
03-10-2024;07:56:47;16.73
03-10-2024;08:29:02;16.55
03-10-2024;09:01:17;16.27
03-10-2024;09:33:32;16.18
03-10-2024;10:05:47;15.99
03-10-2024;10:38:03;15.90
03-10-2024;11:10:18;15.90
03-10-2024;11:42:32;16.08
03-10-2024;12:14:47;16.36
03-10-2024;12:47:02;16.64
03-10-2024;13:19:18;16.92
03-10-2024;13:51:34;17.19
03-10-2024;14:23:50;17.38
03-10-2024;14:56:06;17.56
03-10-2024;15:28:22;17.65
03-10-2024;16:32:55;17.84
03-10-2024;17:05:12;17.93
03-10-2024;17:37:28;17.93
03-10-2024;18:09:44;17.84
03-10-2024;18:42:00;17.65
03-10-2024;19:14:16;17.65
03-10-2024;19:46:33;17.47
03-10-2024;20:18:49;17.47
03-10-2024;20:51:05;17.38
03-10-2024;21:23:21;17.38
03-10-2024;21:55:37;17.28
03-10-2024;22:27:53;17.19
03-10-2024;23:00:09;17.01
03-10-2024;23:32:25;16.92
04-10-2024;00:04:40;16.92
04-10-2024;00:36:56;16.82
04-10-2024;01:09:11;16.73
04-10-2024;01:41:27;16.73
04-10-2024;02:13:43;16.64
04-10-2024;02:45:58;16.55
04-10-2024;03:18:13;16.36
04-10-2024;03:50:28;16.27
04-10-2024;04:22:43;16.18
04-10-2024;04:54:59;16.08
04-10-2024;05:27:14;15.99
04-10-2024;05:59:29;15.90
04-10-2024;06:31:43;15.81
04-10-2024;07:03:58;15.81
04-10-2024;07:36:13;15.81
04-10-2024;08:08:28;15.71
04-10-2024;08:40:43;15.62
04-10-2024;09:12:57;15.62
04-10-2024;09:45:12;15.62
04-10-2024;10:17:26;15.62
04-10-2024;10:49:40;15.62
04-10-2024;11:21:56;15.62
04-10-2024;11:54:10;15.99
04-10-2024;12:26:25;16.18
04-10-2024;12:58:40;16.36
04-10-2024;13:30:55;16.45
04-10-2024;14:03:10;16.55
04-10-2024;14:35:27;16.73
04-10-2024;15:07:42;16.82
04-10-2024;15:39:57;16.82
04-10-2024;16:12:13;16.92
04-10-2024;16:44:28;17.01
04-10-2024;17:16:44;17.01
04-10-2024;17:49:01;17.28
04-10-2024;18:21:16;17.01
04-10-2024;18:53:32;16.82
04-10-2024;19:25:47;16.45
04-10-2024;19:58:02;16.18
04-10-2024;20:30:17;15.99
04-10-2024;21:02:33;15.90
04-10-2024;21:34:48;15.81
04-10-2024;22:07:03;15.81
04-10-2024;22:39:17;15.71
04-10-2024;23:11:32;15.62
04-10-2024;23:43:46;15.62
05-10-2024;00:16:02;15.44
05-10-2024;00:48:16;15.34
05-10-2024;01:20:30;15.25
05-10-2024;01:52:45;15.25
05-10-2024;02:24:59;15.06
05-10-2024;02:57:13;14.97
05-10-2024;03:29:28;14.88
05-10-2024;04:01:42;14.79
05-10-2024;04:33:56;14.69
05-10-2024;05:06:09;14.69
05-10-2024;05:38:23;14.51
05-10-2024;06:10:37;14.41
05-10-2024;06:42:51;14.32
05-10-2024;07:15:05;14.32
05-10-2024;07:47:18;14.13
05-10-2024;08:19:31;13.95
05-10-2024;08:51:45;13.66
05-10-2024;09:23:58;13.48
05-10-2024;09:56:11;13.48
05-10-2024;10:28:24;13.95
05-10-2024;11:00:38;14.79
05-10-2024;11:32:52;15.16
05-10-2024;12:05:06;15.62
05-10-2024;12:37:20;15.90
05-10-2024;13:09:36;15.99
05-10-2024;13:41:51;16.36
05-10-2024;14:14:06;16.64
05-10-2024;14:46:22;16.92
05-10-2024;15:18:37;17.19
05-10-2024;15:50:53;17.28
05-10-2024;16:23:10;17.28
05-10-2024;16:55:25;17.47
05-10-2024;17:27:42;18.21
05-10-2024;17:59:59;18.21
05-10-2024;18:32:15;18.11
05-10-2024;19:04:31;17.75
05-10-2024;19:36:48;17.84
05-10-2024;20:09:04;17.47
05-10-2024;20:41:21;17.10
05-10-2024;21:13:36;16.82
05-10-2024;21:45:52;16.73
05-10-2024;22:18:07;16.64
05-10-2024;22:50:22;16.64
05-10-2024;23:22:38;16.64
05-10-2024;23:54:53;16.64
06-10-2024;00:27:09;16.64
06-10-2024;00:59:25;16.73
06-10-2024;01:31:40;16.73
06-10-2024;02:03:55;16.73
06-10-2024;02:36:11;16.64
06-10-2024;03:08:26;16.64
06-10-2024;03:40:42;16.64
06-10-2024;04:12:58;16.55
06-10-2024;04:45:13;16.55
06-10-2024;05:17:28;16.55
06-10-2024;05:49:43;16.55
06-10-2024;06:21:59;16.55
06-10-2024;06:54:14;16.45
06-10-2024;07:26:30;16.55
06-10-2024;07:58:46;16.55
06-10-2024;08:31:01;16.45
06-10-2024;09:03:16;16.18
06-10-2024;09:35:31;16.08
06-10-2024;10:07:46;16.08
06-10-2024;10:40:01;16.55
06-10-2024;11:12:17;17.28
06-10-2024;11:44:34;18.02
06-10-2024;12:16:50;18.94
06-10-2024;12:49:08;19.59
06-10-2024;13:21:26;19.59
06-10-2024;13:53:43;19.77
06-10-2024;14:26:01;19.95
06-10-2024;14:58:20;19.95
06-10-2024;15:30:39;19.95
06-10-2024;16:02:57;19.95
06-10-2024;16:35:15;19.86
06-10-2024;17:07:33;19.95
06-10-2024;17:39:51;19.95
06-10-2024;18:12:09;19.95
06-10-2024;18:44:28;19.86
06-10-2024;19:16:46;19.77
06-10-2024;19:49:04;19.59
06-10-2024;20:21:22;19.49
06-10-2024;20:53:39;19.22
06-10-2024;21:25:57;19.22
06-10-2024;21:58:14;18.76
06-10-2024;22:30:32;18.39
06-10-2024;23:02:49;18.11
06-10-2024;23:35:05;17.84
07-10-2024;00:07:22;17.75
07-10-2024;00:39:38;17.75
07-10-2024;01:11:54;17.75
07-10-2024;01:44:10;17.75
07-10-2024;02:16:27;17.75
07-10-2024;02:48:44;17.75
07-10-2024;03:21:00;17.75
07-10-2024;03:53:16;17.75
07-10-2024;04:25:32;17.75
07-10-2024;04:57:49;17.75
07-10-2024;05:30:05;17.75
07-10-2024;06:02:22;17.75
07-10-2024;06:34:38;17.84
07-10-2024;07:06:55;17.93
07-10-2024;07:39:11;18.02
07-10-2024;08:11:28;18.02
07-10-2024;08:43:44;17.93
07-10-2024;09:16:01;17.93
07-10-2024;09:48:18;18.02
07-10-2024;10:20:34;18.11
07-10-2024;10:52:51;18.21
07-10-2024;11:25:07;18.21
07-10-2024;11:57:24;18.11
07-10-2024;12:29:41;18.11
07-10-2024;13:01:58;18.21
07-10-2024;13:34:15;18.30
07-10-2024;14:06:31;18.39
07-10-2024;14:38:48;18.57
07-10-2024;15:11:05;18.67
07-10-2024;15:43:22;18.94
07-10-2024;16:15:40;19.03
07-10-2024;16:47:58;19.13
07-10-2024;17:20:15;19.22
07-10-2024;17:52:33;19.40
07-10-2024;18:24:50;19.59
07-10-2024;18:57:08;19.68
07-10-2024;19:29:26;19.68
07-10-2024;20:01:44;19.59
07-10-2024;20:34:02;19.49
07-10-2024;21:06:20;19.49
07-10-2024;21:38:37;19.31
07-10-2024;22:10:55;19.03
07-10-2024;22:43:12;18.76
07-10-2024;23:15:29;18.57
07-10-2024;23:47:46;18.48
08-10-2024;00:20:03;18.48
08-10-2024;00:52:20;18.48
08-10-2024;01:24:37;18.48
08-10-2024;01:56:54;18.57
08-10-2024;02:29:10;18.48
08-10-2024;03:01:28;18.39
08-10-2024;04:06:02;18.39
08-10-2024;04:38:18;18.39
08-10-2024;05:10:35;18.39
08-10-2024;05:42:52;18.30
08-10-2024;06:15:09;18.30
08-10-2024;06:47:26;18.21
08-10-2024;07:19:43;18.30
08-10-2024;07:51:59;18.39
08-10-2024;08:56:33;18.30
08-10-2024;09:28:49;18.30
08-10-2024;10:01:07;18.57
08-10-2024;10:33:24;19.03
08-10-2024;11:05:41;19.40
08-10-2024;11:37:59;19.40
08-10-2024;12:10:16;19.22
08-10-2024;12:42:33;19.22
08-10-2024;13:14:51;19.49
08-10-2024;13:47:10;19.68
08-10-2024;14:19:27;19.86
08-10-2024;14:51:45;20.05
08-10-2024;15:24:04;20.14
08-10-2024;15:56:22;20.23
08-10-2024;16:28:40;20.32
08-10-2024;17:00:59;20.32
08-10-2024;17:33:18;20.41
08-10-2024;18:05:36;20.32
08-10-2024;19:10:13;20.32
08-10-2024;19:42:31;20.23
08-10-2024;20:14:50;20.32
08-10-2024;20:47:09;20.05
08-10-2024;21:19:27;19.59
08-10-2024;21:51:44;19.49
08-10-2024;22:24:02;19.59
08-10-2024;22:56:20;19.59
08-10-2024;23:28:38;19.59
09-10-2024;00:00:55;19.49
09-10-2024;00:33:14;19.40
09-10-2024;01:05:32;19.22
09-10-2024;01:37:49;19.13
09-10-2024;02:10:06;19.03
09-10-2024;02:42:23;18.94
09-10-2024;03:14:42;18.94
09-10-2024;03:46:59;18.85
09-10-2024;04:19:16;18.76
09-10-2024;04:51:33;18.76
09-10-2024;05:23:50;18.76
09-10-2024;05:56:07;18.67
09-10-2024;06:28:24;18.48
09-10-2024;07:00:41;18.30
09-10-2024;07:32:58;18.57
09-10-2024;08:05:15;18.39
09-10-2024;09:09:48;18.48
09-10-2024;09:42:05;18.76
09-10-2024;10:14:23;19.13
09-10-2024;10:46:41;19.22
09-10-2024;11:18:58;19.31
09-10-2024;11:51:16;19.49
09-10-2024;12:23:34;19.86
09-10-2024;12:55:52;20.14
09-10-2024;13:28:10;20.32
09-10-2024;14:00:29;20.50
09-10-2024;14:32:48;20.60
09-10-2024;15:05:06;20.60
09-10-2024;15:37:25;20.60
09-10-2024;16:09:43;20.50
09-10-2024;16:42:02;20.41
09-10-2024;17:14:20;20.32
09-10-2024;17:46:40;20.41
09-10-2024;18:18:58;20.41
09-10-2024;18:51:17;20.50
09-10-2024;19:23:35;20.50
09-10-2024;19:55:54;20.41
09-10-2024;20:28:12;20.23
09-10-2024;21:00:31;19.86
09-10-2024;21:32:49;19.49
09-10-2024;22:05:07;19.13
09-10-2024;22:37:24;18.85
09-10-2024;23:09:41;18.67
09-10-2024;23:41:58;18.57
10-10-2024;00:14:16;18.57
10-10-2024;00:46:33;18.48
10-10-2024;01:51:06;18.39
10-10-2024;02:23:23;18.30
10-10-2024;02:55:39;18.21
10-10-2024;03:27:56;18.21
10-10-2024;04:00:13;18.11
10-10-2024;04:32:30;18.02
10-10-2024;05:04:46;18.02
10-10-2024;05:37:03;17.93
10-10-2024;06:41:35;17.56
10-10-2024;07:13:52;17.56
10-10-2024;07:46:08;17.65
10-10-2024;08:18:24;17.47
10-10-2024;08:50:40;17.19
10-10-2024;09:22:55;17.01
10-10-2024;09:55:11;16.92
10-10-2024;10:59:43;17.28
10-10-2024;11:31:59;17.56
10-10-2024;12:04:15;17.84
10-10-2024;12:36:31;18.21
10-10-2024;13:08:48;18.39
10-10-2024;13:41:05;18.57
10-10-2024;14:13:23;18.76
10-10-2024;14:45:40;18.94
10-10-2024;15:17:57;19.03
10-10-2024;15:50:14;19.03
10-10-2024;16:22:31;19.13
10-10-2024;16:54:49;19.13
10-10-2024;17:27:07;19.13
10-10-2024;17:59:24;19.13
10-10-2024;18:31:41;18.94
10-10-2024;19:03:59;18.85
10-10-2024;19:36:16;18.76
10-10-2024;20:08:33;18.57
10-10-2024;20:40:49;18.39
10-10-2024;21:13:07;18.11
10-10-2024;21:45:23;17.84
10-10-2024;22:17:40;17.65
10-10-2024;22:49:56;17.38
10-10-2024;23:22:11;17.19
11-10-2024;00:26:44;17.10
11-10-2024;00:59:00;17.19
11-10-2024;01:31:15;17.10
11-10-2024;02:03:31;17.10
11-10-2024;02:35:46;17.10
11-10-2024;03:08:02;17.01
11-10-2024;04:12:34;16.92
11-10-2024;04:44:49;16.73
11-10-2024;05:17:05;16.82
11-10-2024;05:49:20;16.64
11-10-2024;06:21:36;16.64
11-10-2024;06:53:51;16.55
11-10-2024;07:26:07;16.55
11-10-2024;07:58:22;16.36
11-10-2024;08:30:37;16.18
11-10-2024;09:02:52;16.18
11-10-2024;09:35:07;16.18
11-10-2024;10:07:23;16.18
11-10-2024;10:39:38;16.18
11-10-2024;11:11:53;16.36
11-10-2024;11:44:08;16.73
11-10-2024;12:16:23;17.01
11-10-2024;12:48:39;17.28
11-10-2024;13:20:55;17.56
11-10-2024;13:53:12;17.75
11-10-2024;14:25:28;17.93
11-10-2024;14:57:45;18.02
11-10-2024;15:30:01;18.11
11-10-2024;16:02:18;18.21
11-10-2024;16:34:34;18.21
11-10-2024;17:06:51;18.21
11-10-2024;17:39:08;18.30
11-10-2024;18:11:25;18.39
11-10-2024;18:43:42;18.21
11-10-2024;19:15:59;18.21
11-10-2024;19:48:15;18.11
11-10-2024;20:20:31;17.93
11-10-2024;20:52:49;17.84
11-10-2024;21:25:05;17.75
11-10-2024;21:57:21;17.56
11-10-2024;22:29:37;17.47
11-10-2024;23:01:53;17.28
11-10-2024;23:34:09;17.28
12-10-2024;00:06:26;17.10
12-10-2024;00:38:41;17.01
12-10-2024;01:10:57;16.92
12-10-2024;01:43:12;16.82
12-10-2024;02:15:28;16.82
12-10-2024;02:47:43;16.73
12-10-2024;03:20:00;16.73
12-10-2024;03:52:15;16.73
12-10-2024;04:24:30;16.82
12-10-2024;04:56:46;16.73
12-10-2024;05:29:01;16.82
12-10-2024;06:33:33;16.45
12-10-2024;07:05:48;16.27
12-10-2024;07:38:03;16.18
12-10-2024;08:10:18;16.18
12-10-2024;08:42:33;16.18
12-10-2024;09:14:47;16.27
12-10-2024;09:47:03;16.45
12-10-2024;10:19:19;16.55
12-10-2024;10:51:34;16.73
12-10-2024;11:23:49;16.92
12-10-2024;11:56:05;17.28
12-10-2024;12:28:21;17.47
12-10-2024;13:00:37;17.75
12-10-2024;13:32:53;17.93
12-10-2024;14:05:10;18.21
12-10-2024;14:37:27;18.39
12-10-2024;15:09:44;18.57
12-10-2024;15:42:01;18.76
12-10-2024;16:14:18;18.85
12-10-2024;16:46:35;18.94
12-10-2024;17:18:53;19.03
12-10-2024;17:51:10;19.13
12-10-2024;18:23:28;19.13
12-10-2024;18:55:45;19.31
12-10-2024;19:28:02;19.40
12-10-2024;20:00:20;19.31
12-10-2024;20:32:38;19.03
12-10-2024;21:04:55;18.67
12-10-2024;21:37:12;18.39
12-10-2024;22:09:29;18.11
12-10-2024;22:41:45;17.84
12-10-2024;23:14:01;17.65
12-10-2024;23:46:19;17.65
13-10-2024;00:18:35;17.56
13-10-2024;00:50:51;17.56
13-10-2024;01:23:07;17.56
13-10-2024;01:55:23;17.65
13-10-2024;02:27:39;17.56
13-10-2024;02:59:56;17.56
13-10-2024;03:32:12;17.47
13-10-2024;04:04:28;17.38
13-10-2024;04:36:44;17.38
13-10-2024;05:08:59;17.28
13-10-2024;05:41:15;17.19
13-10-2024;06:13:32;17.10
13-10-2024;06:45:48;16.82
13-10-2024;07:18:03;16.73
13-10-2024;07:50:18;16.73
13-10-2024;08:22:34;16.92
13-10-2024;08:54:49;16.92
13-10-2024;09:27:05;17.01
13-10-2024;09:59:21;17.10
13-10-2024;10:31:37;17.38
13-10-2024;11:03:53;17.65
13-10-2024;11:36:09;18.02
13-10-2024;12:08:25;18.94
13-10-2024;12:40:43;20.32
13-10-2024;13:13:03;21.06
13-10-2024;13:45:22;21.52
13-10-2024;14:50:01;22.16
13-10-2024;15:22:21;22.44
13-10-2024;15:54:41;22.81
13-10-2024;16:27:03;22.99
13-10-2024;16:59:24;23.08
13-10-2024;17:31:44;22.99
13-10-2024;18:04:05;22.99
13-10-2024;18:36:26;22.81
13-10-2024;19:08:46;22.71
13-10-2024;19:41:08;22.62
13-10-2024;20:13:28;22.35
13-10-2024;20:45:48;21.88
13-10-2024;21:18:07;21.33
13-10-2024;21:50:26;20.96
13-10-2024;22:22:45;20.60
13-10-2024;22:55:04;20.23
13-10-2024;23:27:23;20.05
13-10-2024;23:59:41;19.95
14-10-2024;00:31:59;19.86
14-10-2024;01:04:17;19.86
14-10-2024;01:36:35;19.77
14-10-2024;02:08:54;19.77
14-10-2024;02:41:11;19.68
14-10-2024;03:13:29;19.68
14-10-2024;03:45:47;19.68
14-10-2024;04:18:05;19.59
14-10-2024;04:50:22;19.59
14-10-2024;05:22:41;19.49
14-10-2024;05:54:59;19.49
14-10-2024;06:27:16;19.31
14-10-2024;06:59:34;19.13
14-10-2024;07:31:51;19.40
14-10-2024;08:04:09;19.40
14-10-2024;08:36:27;19.49
14-10-2024;09:08:45;19.59
14-10-2024;09:41:03;19.59
14-10-2024;10:45:38;19.59
14-10-2024;11:17:56;19.68
14-10-2024;11:50:14;19.68
14-10-2024;12:22:33;19.86
14-10-2024;12:54:51;20.05
14-10-2024;13:59:27;20.32
14-10-2024;14:31:45;20.41
14-10-2024;15:04:05;20.50
14-10-2024;15:36:23;20.50
14-10-2024;16:08:42;20.60
14-10-2024;16:41:00;20.50
14-10-2024;17:13:19;20.50
14-10-2024;17:45:37;20.50
14-10-2024;18:17:57;20.60
14-10-2024;18:50:16;20.60
14-10-2024;19:22:34;20.87
14-10-2024;19:54:53;20.78
14-10-2024;20:27:12;20.50
14-10-2024;20:59:30;20.14
14-10-2024;21:31:49;19.86
14-10-2024;22:04:07;19.59
14-10-2024;22:36:25;19.49
14-10-2024;23:08:42;19.59
14-10-2024;23:41:00;19.59
15-10-2024;00:13:19;19.68
15-10-2024;00:45:37;19.77
15-10-2024;01:17:54;19.68
15-10-2024;01:50:12;19.77
15-10-2024;02:22:30;19.77
15-10-2024;02:54:48;19.77
15-10-2024;03:59:25;19.77
15-10-2024;05:04:01;19.77
15-10-2024;05:36:18;19.77
15-10-2024;06:08:36;19.68
15-10-2024;06:40:55;19.49
15-10-2024;07:13:13;19.31
15-10-2024;07:45:30;19.40
15-10-2024;08:17:48;19.40
15-10-2024;08:50:05;19.40
15-10-2024;09:22:23;19.40
15-10-2024;09:54:40;19.49
15-10-2024;10:26:59;19.86
15-10-2024;10:59:17;20.05
15-10-2024;11:31:35;20.23
15-10-2024;12:03:53;20.41
15-10-2024;13:08:30;20.60
15-10-2024;13:40:50;20.78
15-10-2024;14:13:09;20.87
15-10-2024;14:45:28;20.96
15-10-2024;15:17:47;21.06
15-10-2024;15:50:06;21.15
15-10-2024;16:54:45;21.15
15-10-2024;17:27:04;21.15
15-10-2024;17:59:23;20.96
15-10-2024;18:31:42;20.96
15-10-2024;19:04:01;20.87
15-10-2024;19:36:19;20.87
15-10-2024;20:08:39;20.78
15-10-2024;20:40:58;20.60
15-10-2024;21:13:16;20.32
